driverId,name,ssn,location,certified,wage-plan
10,Amy Smith,555-29-7274,"602 Rose Road Apt. 687
North Sophia, PR 10263",N,miles
11,Christine Long,260-09-4168,"089 Pearson Gardens Suite 961
West Aaronville, OH 63591",N,hours
12,Kent Gutierrez,652-58-2145,"255 Doyle Turnpike
Kathyberg, LA 63734",Y,miles
13,Jermaine Rodriguez MD,133-47-5668,"0345 Martinez Locks
New Stephanie, NH 09835",N,hours
14,Andrew Kirk,077-79-4202,"4181 Allen Neck
Lake Tarachester, VA 55158",Y,hours
15,Rebecca Sosa,016-71-7301,"064 Karen Loop Suite 651
South Scott, DE 82941",Y,miles
16,Patrick Freeman,102-96-6576,"USS Hamilton
FPO AE 77813",Y,hours
17,David Morgan,745-98-1697,"203 Ann Plaza Apt. 698
Port Connie, MN 36418",N,hours
18,Allison Cortez,457-94-7575,"85860 Cristina Shores Suite 488
New Joshuashire, MO 08014",Y,miles
19,Thomas Campbell,873-96-8396,"0685 Davis Locks Apt. 692
Nashmouth, ID 94281",Y,hours
20,Matthew Wright,877-93-2959,"9164 Cook Fields Suite 707
Michaelmouth, PR 33183",N,miles
21,Jessica Meza,038-84-5630,"0390 Morrison Drives
Payneside, AR 03439",N,miles
22,Michelle Perry,447-09-1027,"PSC 2252, Box 8739
APO AA 16533",Y,miles
23,Christopher Mcdaniel,457-29-9336,"879 Holland Isle Suite 503
Port Daleborough, MS 21085",N,hours
24,Steven Wilson,175-56-8150,"0391 Swanson Falls
Lake Jimmyberg, AS 76363",Y,miles
25,Ashley Ashley,859-31-4315,"11901 Matthews Camp
Harringtonberg, DE 30060",N,hours
26,Mary Gutierrez,048-77-0589,"910 Hawkins Trail Apt. 004
Lake Travismouth, DE 36169",N,hours
27,Richard Cummings,200-28-4514,"559 Carlson Grove
New Zacharyport, FL 67148",N,hours
28,Randy Pierce,348-24-9577,"91637 Sean Mountain Suite 884
Parkmouth, VA 96060",N,miles
29,Garrett Odonnell,568-19-7013,"0279 Johnson Bypass
Port Alexander, AL 64858",N,hours
30,Hannah Davis,476-05-4230,"14832 Taylor Hollow Apt. 153
Joshuaborough, TX 83413",Y,miles
31,Michelle Howell,165-79-0536,"194 Kathy Wall
East Kellishire, CO 02767",Y,hours
32,Scott Brown,175-55-8970,"204 Freeman Circle Suite 843
New Rebecca, DC 57938",Y,miles
33,Dr. Crystal Ortega DVM,109-94-8431,"151 Barnes Crest Suite 261
West Charlesport, ID 09475",Y,miles
34,Denise Schneider,157-19-6847,"49335 Maynard Ferry
West Barry, VI 79658",N,miles
35,Emily Aguirre,372-45-1941,"9525 Zachary Manor
Duncanview, LA 64652",Y,miles
36,Sarah Brown,851-67-0120,"Unit 9490 Box 5784
DPO AE 18749",Y,miles
37,Michael Campbell,223-37-2449,"3919 Randall Vista
Coxstad, HI 78699",Y,hours
38,Donna Frazier,722-65-7602,"961 Jose Cliff Suite 747
North Stevefurt, ME 06070",N,miles
39,Samantha Dominguez,211-59-8561,"PSC 9777, Box 8762
APO AA 61543",Y,miles
40,Tina Rodriguez,005-76-2051,"443 Fernandez Summit Apt. 004
Lake Darin, PW 97618",Y,hours
41,Jose Golden,331-61-9903,"USCGC Ryan
FPO AP 89846",N,miles
42,Dr. Tiffany Meyer,310-57-5970,"32587 Harris Ridge
Brownton, CT 47585",N,hours
43,Kenneth Crawford,231-32-2895,"637 Samantha Burgs
Calvinmouth, AK 25553",Y,hours
44,Nathan Mckee,438-12-2930,"48758 Cook Tunnel
Mckeemouth, KS 86228",N,miles
45,Steven Cunningham,051-98-9487,"19126 Jill Streets Suite 690
Charleschester, MO 45764",Y,miles
46,Kevin Caldwell,274-87-5450,"78266 Richardson Courts
Olsonchester, NY 88363",Y,miles
47,Jeffrey Gonzalez,646-76-2747,"154 Collier Station
Figueroafurt, GA 83646",N,miles
48,Corey Mendez,521-89-6643,"02530 Winters Ports
Leonardmouth, ND 12637",Y,hours
49,Toni Pugh,440-50-4238,"0687 Frank Ranch Apt. 006
Jasmineshire, ID 80305",Y,hours
50,William Valdez,499-71-9977,"223 Katherine Field
Loritown, MN 30086",N,miles
51,Elijah Cochran,713-10-4623,"54450 James Walks
South Sarah, GA 93917",N,miles
52,Jonathan Johnson,763-30-8840,"961 Kristin Trace Suite 185
Garymouth, DE 17237",N,miles
53,Diane Sparks,365-32-1330,"620 Amy Highway
East Nicholasberg, DE 62777",N,miles
54,Daniel Soto,047-77-5821,"0542 Joshua Lakes Apt. 867
Dianeside, MI 59821",Y,hours
55,Nicole Jones,344-46-5446,"041 Barry Well
Hayesborough, MN 15282",N,hours
56,Samantha Tucker,055-18-1572,"USNV Roman
FPO AE 70526",N,hours
57,Spencer Brooks,541-70-2923,"6258 Wilson Divide
West Sandramouth, KS 51258",N,miles
58,Michelle Martin,190-25-1327,"8492 Janet Throughway Suite 494
East Christopher, OH 66795",Y,hours
59,Cole Simmons,744-49-2200,"967 Samantha Loop Apt. 649
Port Raymond, FL 11227",Y,miles
60,Heidi Espinoza,053-38-7773,"728 Beasley Terrace
Adamview, CO 51222",Y,hours
61,Marco Johnson,150-30-9696,"2542 Lauren Islands Suite 229
Port Brenda, MP 88317",N,miles
62,Nathan Reynolds,472-05-1241,"USNV Torres
FPO AE 71064",N,miles
63,Michael Dominguez,794-75-7085,"Unit 5628 Box 7028
DPO AA 86433",Y,miles
64,Brandon Lowery,566-73-1380,"96566 Heather Roads
Lake Michelle, FM 28718",Y,miles
65,Tracey Sutton,126-03-3207,"PSC 5990, Box 1162
APO AE 48836",N,miles
66,Megan Weber,823-47-9262,"83089 Denise Squares
North Cristina, AZ 52529",Y,miles
67,Brittany Johnston,614-71-7840,"4389 Hall Motorway
Carlosport, KY 05913",N,hours
68,Jorge Robinson,463-56-0490,"1121 Traci Center
Lake Scottmouth, ID 67741",N,hours
69,Daniel Williams,381-54-4918,"072 Theresa Grove Apt. 155
Kristimouth, WY 45465",N,hours
70,Michele Hernandez,652-06-6819,"53451 John Hollow
Lopezview, MT 21820",Y,hours
71,Marvin Jordan,562-47-2689,"13990 Huff Crossing
South Susan, AK 14607",N,hours
72,Aaron Myers,384-71-0886,"37877 Jonathan Park
Jenniferchester, KY 75316",N,hours
73,Amanda Arias,668-58-6456,"61983 Fry Light Suite 385
West Davidside, WA 35380",Y,hours
74,Tammy Lowe MD,234-15-8670,"USNS Webb
FPO AE 62720",Y,miles
75,Anna Morgan,775-43-9498,"32784 Hines Gardens Apt. 333
West Lanceborough, NV 07809",N,hours
76,Anthony Torres,082-42-8078,"70453 Simon Junction Apt. 212
South Rodney, KS 17741",N,hours
77,Samantha Carpenter,721-21-6886,"7534 Victoria Hills Suite 712
Carolchester, PW 99009",N,miles
78,Darren Mathews,128-51-0811,"424 Melissa Lane
North Jacquelineside, CA 06249",N,hours
79,James Roth,401-33-2788,"372 John Highway Suite 799
East Adrianchester, CA 70131",Y,hours
80,Michele Kim,596-99-5476,"47665 Payne Stravenue
Amyville, WV 55409",N,hours
81,Tammy King,177-36-3970,"USCGC Wheeler
FPO AE 52845",Y,miles
82,Patrick Moon,252-98-4729,"113 James Road
Bakerland, LA 37961",Y,miles
83,Kathryn Davidson,064-81-3740,"1593 Donna Causeway
South Tylerbury, OK 59700",Y,hours
84,Julie Harris,779-52-8976,"6022 Davis Throughway
Coreyfort, WI 84687",Y,hours
85,Steven Davis,456-86-6036,"823 Elizabeth Square
East Colleentown, WI 74894",N,hours
86,Paul Choi,706-78-2493,"4248 Jermaine Meadow
New Matthewhaven, SD 39313",N,miles
87,James York,642-85-6317,"46147 Deanna Plaza
Vernonside, VT 34228",N,miles
88,Kelly Williams,792-14-0594,"2304 Smith Drives
Pattonmouth, PW 20392",N,hours
89,Krista Jenkins,523-47-3338,"267 Morton Mall
Summersberg, IA 32467",Y,miles
90,Bonnie Hill,525-90-3958,"786 Wilcox Locks
West Nicholas, MA 35124",Y,hours
91,Jeremiah Dalton,822-16-4034,"03930 Green Ports Apt. 632
Lake Troy, IN 34877",N,miles
92,Connie Cobb,795-52-0273,"520 Samantha Haven Suite 726
Mclaughlinside, AK 73926",Y,hours
93,Kelly Jordan,272-92-5670,"38134 Jones Spur Apt. 593
Douglasfurt, ID 61954",Y,miles
94,William Johnson,426-83-8296,"832 Valdez Hill Suite 937
Charlesshire, AR 09782",Y,miles
95,Terri Nelson,048-22-2738,"366 Thomas Overpass
West Donaldville, VA 49567",N,miles
96,Christopher Smith,754-03-8901,"16616 Richard Mount Apt. 251
Rachelfurt, MP 93165",N,miles
97,Melissa Warren,438-56-9889,"7704 Amanda Corner
Masonville, DC 57026",Y,miles
98,Megan West,093-34-6400,"963 Brown River Suite 238
Port Stephaniestad, WY 39719",Y,miles
99,Zachary Ruiz,318-32-5555,"799 Elizabeth Points
Lake Elizabeth, MS 72272",Y,miles
100,Sarah Rodriguez,594-17-0166,"Unit 3146 Box 4378
DPO AP 13068",N,hours
101,Cynthia Li,036-22-2336,"19865 Lam Rue
South Williamland, CA 21175",Y,miles
102,Taylor Cruz,168-32-5947,"78780 Jacqueline Mission Apt. 655
Buckleychester, RI 19205",N,miles
103,Teresa Hernandez,018-45-7250,"2143 Johnson Flat
Ortizchester, FM 60706",N,hours
104,Jennifer Bond,851-78-1664,"7706 Shane Rue
Connieberg, PR 13379",Y,miles
105,Hailey Thompson,108-21-6761,"74351 Johnson Inlet
Dianaville, MD 29329",N,miles
106,Nicole Peterson,300-81-0371,"9480 Ashley Park Apt. 981
New Javier, VT 42823",Y,hours
107,Lori Dickerson,310-81-0368,"1466 Kathleen Motorway
Elizabethfort, MO 03529",N,hours
108,Paige Rodriguez,303-47-2301,"434 Jodi Lodge
New James, FL 70174",N,hours
109,James Cole,402-39-4638,"3764 Taylor Locks Suite 126
Port Michael, AZ 22022",N,miles
110,Jamie Santos,630-47-1344,"Unit 6463 Box 6963
DPO AA 05516",Y,miles
111,Paul Roth,687-93-6531,"2308 Jeffrey Station Apt. 732
New Cynthia, PW 80517",Y,hours
112,Justin Morris,298-62-3289,"300 Clark Lights
Lake Jeremychester, VT 49882",Y,miles
113,Derek Roberts,582-46-2573,"59551 Wilson Plaza Suite 180
Ochoabury, MO 78474",N,hours
114,Allen Bryan,531-60-0626,"14051 Brown Locks Apt. 179
Riggsberg, NV 27106",Y,miles
115,Brandon Jones,199-57-5666,"3481 Johnson Mill Apt. 523
Nguyenberg, MS 26283",Y,hours
116,Juan Duncan,498-07-4712,"112 Jessica Mission
South Clinton, WY 76710",N,hours
117,Mitchell Tanner,278-88-5688,"299 Hayes Stream Suite 536
Port Williamchester, GU 71356",Y,hours
118,Jason James,075-02-1181,"0432 English Trace
Macdonaldland, MH 68233",N,miles
119,William Sullivan,146-95-8125,"4034 Edwards Springs
West Daniel, MT 47574",Y,miles
120,Leah Taylor,098-71-0528,"USNV Mosley
FPO AP 59513",Y,hours
121,Jennifer Elliott,423-14-0562,"94910 Mack Lodge
Mosstown, MS 57571",N,miles
122,Louis Stevens,748-43-7325,"598 Jonathan Hollow Suite 090
New Ryanfurt, SC 64724",N,hours
123,Lisa Johnson,507-96-8948,"1444 Ashley Crossing Apt. 695
North Jeffreyview, NY 51817",N,miles
124,Dennis Lewis,766-21-0191,"482 Jasmine Isle Suite 642
West Amandafort, OR 91570",N,miles
125,Bianca Esparza,198-34-5783,"412 Cynthia Island Suite 047
Melissafurt, ID 07603",N,hours
126,Robert Stewart,816-71-5372,"772 Abigail Mills Suite 671
Jamesberg, DE 44438",N,miles
127,Joshua Ballard,530-69-7881,"899 Chapman Underpass Suite 937
Griffithstad, AZ 27084",Y,hours
128,Brooke Johns,880-27-2740,"280 Lisa Knoll Apt. 406
East Barry, IL 75014",Y,miles
129,Stephen Mccall,802-31-2014,"9087 Joshua Knoll Suite 816
Williamston, GA 65397",Y,miles
130,Lisa Lee,505-31-2955,"7594 Taylor Fort
Erikaton, DE 72191",Y,hours
131,Jennifer Sutton,672-52-0391,"91670 Valenzuela Mountains
Belltown, OR 04505",Y,hours
132,Robert Howard,754-01-3160,"5268 Malone Haven
South Jeremytown, IL 02481",Y,hours
133,Katherine Gray,085-69-0850,"846 Bernard Streets
Alexanderbury, CA 44363",N,miles
134,Kenneth Soto,052-75-9394,"676 Jose Parkway
Phillipside, MS 86258",Y,hours
135,George Mcclain,176-45-5731,"3336 Mandy Shoal
Katherineview, DE 25113",Y,hours
136,Donna Good,897-10-2444,"8784 Anne Lake
Leebury, ME 82593",Y,hours
137,Hannah Anderson,675-52-8514,"USNS Miranda
FPO AP 50372",N,miles
138,Kristin Johnson,361-24-1500,"3872 Clarence Manor
Danielberg, UT 14905",N,miles
139,John Ferguson,082-23-1184,"800 Anthony Drives
Lopezton, MT 26815",Y,miles
140,David Flores,621-46-6828,"33438 Acosta Crest
Jasminview, WV 37512",Y,miles
141,Abigail Fleming,503-43-5466,"USCGC Smith
FPO AA 97364",Y,hours
142,Ashley Knight,225-08-8516,"18556 Cheyenne Lane
South Michelle, FL 70394",N,miles
143,Brittany Lyons,072-48-0011,"5375 Heather Inlet Apt. 003
Gabrielmouth, VI 35503",N,miles
144,Tina Johnson,714-35-0926,"65175 Taylor Prairie
Dickersonborough, HI 25871",Y,hours
145,Joshua Smith,221-87-3477,"36982 Edwards Oval Suite 075
Salazarburgh, MN 37878",N,miles
146,Kathy Hernandez,203-69-9555,"01965 Moore Groves
Katherinestad, TX 26847",N,hours
147,Daniel Wright,690-85-6720,"2178 William Stream Apt. 256
Chavezbury, KY 93506",Y,miles
148,Joshua Steele,835-24-2976,"7397 Watson Corner Apt. 869
Whiteside, OR 03826",N,hours
149,Dr. Jonathan Jones,653-01-0928,"Unit 2313 Box 0265
DPO AE 55748",Y,miles
150,Brenda Hunt,084-04-4571,"2489 Kemp Bridge Suite 698
Kristieburgh, FM 82528",Y,hours
151,Patrick Miller,272-31-2113,"90977 Johnson Center Suite 952
Port Lisabury, WY 62537",N,hours
152,Aaron Barnes,430-56-9237,"09675 Stanley Mountains Apt. 685
Harryville, VA 95932",N,miles
153,Jasmine Ochoa,649-43-5926,"817 Eaton Bypass Apt. 724
West Bradleymouth, ID 24104",N,miles
154,Michelle Robles,399-73-2781,"Unit 9254 Box 1235
DPO AA 07118",Y,miles
155,Carlos Bell,003-03-7391,"5229 Garrett Pines
North Sandra, DC 59124",N,miles
156,Susan Olson,024-05-2877,"PSC 7358, Box 2396
APO AP 58815",N,hours
157,Stephanie Mckay,484-03-4354,"572 Cooper Views Apt. 510
Lake Sharon, MH 42400",N,miles
158,Tony Wood,193-14-1340,"08749 Kennedy Crossing
South Shaun, WY 09130",Y,hours
159,Lisa Merritt,611-68-5924,"6526 David Forks Apt. 935
Lake Brenda, TN 51765",Y,miles
160,Christopher Jones,575-83-5811,"61863 Brian Corners
Malonebury, MP 41607",Y,miles
161,Wanda Ponce,361-78-8702,"00473 Harris Islands
Port Daniel, NC 13434",Y,hours
162,Sara Ashley,670-29-9396,"0090 Adam Stravenue
Parrishfort, CA 57156",N,miles
163,David Gibson,077-38-4783,"Unit 1741 Box 6879
DPO AE 40170",N,miles
164,Theodore Parrish,680-49-0216,"178 Hopkins Isle
Liborough, VA 70612",Y,hours
165,David Alvarez,031-17-0434,"77143 Diane Overpass
Janetport, OK 80315",Y,miles
166,Christine Fernandez,117-31-8405,"49735 Brenda Land
Pattersonville, VT 64852",Y,miles
167,John Sparks,620-98-3183,"4536 Richard Isle
Ericaburgh, AL 46955",N,hours
168,Lauren Novak,722-18-8089,"23288 Carter Forge Suite 499
Kirkshire, AS 19106",Y,miles
169,Nancy Haney,793-02-7220,"89201 Rodriguez Plaza
Edwardtown, MT 98516",N,miles
170,Sarah Schneider,656-64-2158,"1830 Timothy Harbors
Jasonhaven, PW 55021",N,hours
171,William Stewart,376-23-3015,"088 Danielle Port
Deannaview, OR 84230",Y,miles
172,Thomas Mcdonald,802-71-3423,"USS Stevens
FPO AE 04984",N,miles
173,Edward Johnson,142-92-3437,"67999 Melissa Avenue
Washingtonmouth, WY 22004",Y,miles
174,Virginia Quinn,165-05-7504,"18379 Megan Islands
Heatherland, CT 18696",N,hours
175,Lisa Castillo,789-46-0100,"USCGC Alexander
FPO AE 09515",Y,hours
176,Amanda Soto,672-57-3291,"4646 Baker Locks Suite 281
East Justinbury, FM 23450",N,hours
177,Jacob Doyle,771-34-1804,"6422 Allen Corners
Rossmouth, MT 10859",N,hours
178,Jacob Davis,019-87-8923,"086 Powell Park
Lindastad, MO 13047",N,miles
179,Janet Kaufman,453-06-2658,"179 Pamela Locks
West Judy, IL 42064",N,miles
180,Dustin Miller,519-34-9222,"1125 Jason Coves
Brownmouth, MO 93484",Y,miles
181,Christy Roth,607-72-7814,"6300 Sharon Lodge Apt. 063
South David, CO 62761",Y,hours
182,Charles Campbell,426-93-4477,"8593 Stephens Drive
Lucasberg, NY 49333",N,hours
183,Brian Fisher,870-35-7093,"3810 Adams Branch
North Paulland, GA 80189",N,miles
184,Raymond Washington,876-37-3175,"4736 Nixon Mountain
Lake Tracychester, KS 22567",Y,hours
185,Sabrina White,432-44-0097,"160 Meza Field Apt. 265
West Stevenview, MS 21466",N,hours
186,Anthony Pope,790-08-3574,"Unit 4315 Box 7666
DPO AA 07911",Y,miles
187,Wesley Smith,138-09-9936,"993 Kelly Springs Suite 504
West Scottshire, VI 39626",N,miles
188,Kelly Mathis,330-02-5255,"17038 Jared Turnpike Suite 984
North Ashleyfort, FM 92877",N,miles
189,Kenneth Potter,357-75-5241,"93094 Theresa Isle
Mcconnellland, AL 78754",N,miles
190,Darrell Guzman,287-77-4890,"2759 Garcia Meadows
Joeton, FM 17642",Y,miles
191,Kevin Cook,152-49-9083,"30164 Cherry Mission Suite 345
North Johnathan, LA 09710",Y,hours
192,David James,281-70-5977,"73959 Whitney Knoll
East Janetview, PW 48003",Y,miles
193,Teresa Bennett,736-01-2767,"3112 James Point
Lake John, SD 24854",N,hours
194,Kristen Kennedy,297-25-2655,"2442 Travis Cliffs Suite 359
Port Alyssa, UT 29946",N,miles
195,Christopher Manning,465-75-7351,"228 Michael Streets
North Steven, HI 72918",N,miles
196,Jessica Wilkinson,041-45-5931,"18309 Mcknight Creek Suite 552
Christopherhaven, CT 86539",Y,miles
197,Isaac Reynolds,643-71-1622,"8722 Eric Valley Suite 125
Jonesshire, NY 89063",Y,miles
198,Tammy Goodwin,544-18-1865,"370 Monique Points
Ericafurt, AR 19179",N,miles
199,Crystal Ortiz,117-44-0572,"9803 Deanna Stravenue Apt. 071
Barbaraburgh, AZ 79696",Y,miles
200,Jeremy Stein,375-49-5519,"472 Leah Pine Apt. 348
Tammymouth, WV 72832",Y,miles
201,Katherine Butler,370-04-4027,"424 Jacobs Shoals
Wilsonborough, SC 10653",N,miles
202,Natalie Wall,677-88-8028,"0324 Delgado Mountains Apt. 751
Bryantstad, NH 31022",N,miles
203,Jessica Burnett,868-41-5491,"5911 Gonzalez Points Apt. 549
Brentberg, TX 86109",N,miles
204,Zachary Ellison,714-98-4123,"2830 Mcmahon Club Apt. 546
Hansonview, FL 09305",N,miles
205,Marc Parker,274-26-8830,"053 Marks Fords
Joyceberg, DC 55243",Y,hours
206,Jason Johnson,229-76-9226,"902 Martinez Mountains
Gonzaleztown, MI 56708",N,hours
207,Amanda Smith,014-61-2876,"44755 Schmidt Shoals Apt. 630
South Thomas, FM 91955",N,hours
208,Robert Hobbs,331-30-0672,"36570 Russell Canyon Suite 163
West Jeffreyberg, DC 06208",N,hours
209,Andrew Fox,700-23-7465,"8367 Gonzalez Trace Apt. 335
Port James, HI 29491",N,hours
210,Curtis Warner,231-54-9531,"24646 Duffy Mountains Apt. 203
Benjaminmouth, MA 91073",N,hours
211,James Miller,894-45-0143,"48375 Diaz Ramp
North Henry, ID 08926",Y,miles
212,Crystal Schmidt,563-10-6577,"309 Anthony Points
West Richard, AK 09671",N,miles
213,Steven Deleon,697-39-3580,"3955 Mason Crescent
Danaport, RI 79422",Y,miles
214,Virginia Bishop,822-97-0597,"3580 Castro Isle
Michaelmouth, AK 70647",N,miles
215,Francisco Gonzalez,591-98-5321,"PSC 4266, Box 3594
APO AA 60386",N,miles
216,Matthew Johnson Jr.,449-65-0407,"815 Klein Heights Apt. 205
Susanburgh, IN 06560",N,miles
217,Adam Gates,805-08-8840,"4009 Mack Tunnel Apt. 789
East Kevinstad, KY 86856",Y,miles
218,Tammy Bailey,853-86-2454,"881 Angela Neck Suite 758
Carpenterhaven, MA 35332",Y,miles
219,Linda Hamilton,842-86-5426,"36753 Robinson Mountains Suite 952
South Ronaldburgh, NY 65464",N,miles
220,Richard Martinez,755-09-0694,"49244 Arnold Square Suite 431
Johnsonchester, MH 15839",Y,miles
221,Ashley Yates,271-63-3290,"1153 John View Apt. 887
Jacksonmouth, MH 28452",Y,hours
222,Stanley Bell,848-78-7808,"8105 Rivera Knoll Apt. 820
Romeroport, VT 01621",Y,miles
223,Wesley Conrad,741-49-4382,"0200 Larsen Mission
New Elizabethborough, MH 19801",Y,hours
224,Frank Schmidt,631-06-3381,"8103 Morris Falls
North Kristinafort, TX 02312",N,miles
225,Gerald Harrison,427-84-3870,"243 Mason Knolls
Pamelafurt, NJ 66807",Y,hours
226,Troy Porter,026-52-4388,"0876 Troy Mountain Suite 335
New Kayleehaven, FL 86373",Y,hours
227,Jacob Clark,570-86-1471,"9691 Daniel Plaza Suite 091
Lake Ashley, GA 74770",Y,hours
228,Jessica Walker,870-30-7234,"0243 Williams Forks Suite 201
Lake Thomas, OR 00889",Y,hours
229,Reginald Allen II,487-47-8829,"02025 Medina Knolls Apt. 493
Port Brendan, NE 77216",N,hours
230,Jaclyn Ortiz,682-34-5287,"647 Anthony Keys Apt. 941
Port Michaelstad, NH 92032",N,miles
231,Jason Moore,489-41-1118,"23330 Nicholas Falls Apt. 169
Andersonburgh, AZ 12360",Y,miles
232,Garrett Baker,157-31-4071,"86647 Tanya Lake
East Eric, OK 73490",Y,hours
233,Joanna Knight,256-88-9207,"33798 Johnson Common Suite 130
Tiffanytown, AL 18114",Y,miles
234,Beth Adams,503-02-9034,"258 Kenneth Road
Monicaberg, GU 21983",N,hours
235,Derek Gomez Jr.,105-33-2857,"049 Wheeler Summit
South Jacob, CO 71550",Y,miles
236,Martha Whitaker,848-69-9342,"164 Murphy Points
Davisborough, VI 99695",N,miles
237,Melissa Cisneros,076-89-2415,"010 Kendra Plains
North Danielville, NM 68627",Y,miles
238,Tracy Burke,012-78-3180,"1071 Teresa Junction Suite 402
Joneshaven, MP 10374",N,hours
239,William Taylor,292-20-6681,"203 Hall Canyon
West Holly, MT 13116",N,miles
240,Tracie Dennis,585-45-1856,"PSC 2091, Box 6475
APO AA 60653",N,miles
241,Samantha Sanders,849-94-4009,"71235 Brian Cove
East Stephanie, AZ 32875",Y,miles
242,Nathan Martinez,310-38-7086,"54662 Hernandez Pass
Harringtonhaven, GA 60391",N,hours
243,Ryan Smith,319-64-0174,"84771 Sanchez View
Stephenbury, MS 12529",N,miles
244,Melissa Christian,235-95-1414,"1024 James Freeway Apt. 469
West Trevorshire, MS 50154",Y,miles
245,Peter Roberts,710-03-4353,"6950 Cole Creek
New Luis, MD 63377",N,miles
246,Nancy Bailey,492-74-3502,"830 William Gardens
Lake John, OR 29264",N,miles
247,Brian Hampton,429-95-5726,"4065 Gonzalez Field
Allenport, MI 98957",N,hours
248,Robert Harris,408-30-4624,"26314 Cooper Mills Apt. 320
Alexanderside, WI 08162",N,miles
249,Erin Strickland,590-77-3759,"696 Brandon Lakes Apt. 791
Janetchester, OR 15884",Y,hours
250,Julia Cabrera,243-59-5537,"PSC 8652, Box 8967
APO AA 62293",N,miles
251,Justin Nunez,045-99-3192,"17134 Lisa Fords Apt. 183
Coffeyfort, PR 74634",N,hours
252,Donna Gentry,875-36-6868,"038 Simmons Forge
Port Leslieton, TN 84874",N,hours
253,Julie Ford,356-24-4613,"424 Ray Trace
West Bryan, DE 33418",Y,hours
254,Amy Smith,125-32-0521,"72265 Danielle Garden Suite 475
Alvaradoport, WV 04973",N,miles
255,Michelle Pearson,490-94-5437,"35626 Walker Landing Apt. 073
Fordmouth, IA 81775",N,miles
256,Joseph Smith,764-93-3649,"302 Williams Drive Apt. 616
Aguirrefort, AK 75834",N,miles
257,Randall Williams,002-56-7568,"07147 William Roads Apt. 664
Port Brittanyland, NJ 01817",Y,hours
258,Joseph Jacobson,893-89-4880,"2790 Brittany Wall
Rogersland, KY 20760",Y,miles
259,Sherri Humphrey,468-74-6959,"073 Brandon Estate
Williamsport, SC 45355",N,miles
260,Crystal Turner,287-87-1401,"7904 Carolyn Trail Apt. 222
Smithmouth, CO 28929",Y,hours
261,Susan Oconnell,733-22-5426,"Unit 8759 Box 4720
DPO AA 73514",Y,miles
262,Paige Page,369-02-8483,"7808 Christopher Mews Suite 946
North Tinaland, VA 52312",N,hours
263,Luke Booker,679-65-1863,"28866 Christensen Summit Apt. 462
New David, GA 39149",N,miles
264,Erin Adams,608-54-5719,"Unit 5824 Box 6525
DPO AE 86338",N,miles
265,Tammy Mills,611-08-7763,"200 Gordon Landing
Lake Alexandraview, KY 78946",Y,hours
266,Rachel Holden,012-64-7165,"53822 Santiago Greens
Johnsonmouth, AL 49925",Y,miles
267,Alexander Gonzalez,837-37-9411,"6299 Amy Junctions
Kingborough, SC 96428",N,miles
268,Stephanie Campbell,771-08-1627,"89832 Kevin Mill
West Megan, AR 47726",Y,hours
269,Michelle Baker,551-45-7760,"31883 West Dale Apt. 012
South Angelaborough, MN 88628",Y,miles
270,Kyle Miles,421-44-9508,"653 Travis Cliff
East Kristenport, CA 55771",N,miles
271,Dustin Rodriguez,589-51-0760,"133 Michael Green Suite 134
Lake Donnaborough, MS 13397",Y,miles
272,Patrick Hernandez,391-65-7400,"41897 Philip Divide
Josephport, AS 09853",N,hours
273,Sharon Tucker,713-77-6756,"Unit 4839 Box 8421
DPO AE 16287",N,miles
274,Jacob Cruz,142-29-4694,"641 Wiggins Ports Suite 907
Robinsonfurt, AK 67448",Y,miles
275,William Delgado,072-40-9134,"4890 Vasquez Plaza
Guerrerofurt, PA 21049",N,hours
276,Jennifer Brock,067-11-8651,"2452 Daniel Wall
South Bridgetside, MH 59772",N,hours
277,Thomas Barnes,787-82-5207,"USNV Taylor
FPO AP 75672",N,miles
278,David Zimmerman,717-93-5161,"487 Small Ville Suite 302
West Nicole, VA 93147",N,hours
279,Elizabeth Allen,736-57-6164,"4760 Anderson Greens
Owensland, SD 41560",Y,hours
280,Shannon Smith,045-68-6966,"3336 Pamela Plains
Hendersonborough, NC 47388",Y,hours
281,Thomas Pierce,421-12-7693,"057 Justin Harbor Suite 588
Annetteview, ME 98165",N,hours
282,David Barnes,878-34-7475,"821 Wright Forges Apt. 703
Boothton, AL 86824",Y,miles
283,Samantha Smith,402-61-3450,"084 Lopez Mill
West Charlesshire, WY 21647",Y,hours
284,Barry Salas,147-68-3954,"42999 Gonzales Center
Robertsonmouth, ID 55629",Y,miles
285,Danielle Tyler,593-19-4284,"8507 Curtis Mountain Suite 989
East Valeriehaven, VI 85959",Y,hours
286,Douglas Martinez,564-10-1824,"88167 Kevin Port Suite 488
Cynthiafurt, AK 78265",N,hours
287,Steven Berry,541-52-7895,"1708 Price Dam
Melissamouth, TN 90237",Y,hours
288,Henry Ford,051-81-8969,"USS Davila
FPO AP 01660",N,miles
289,Regina Friedman,225-96-0199,"712 Brown Mill
Smithhaven, MN 12061",Y,hours
290,Margaret Robbins,712-10-6069,"2204 Evans Branch Suite 426
West Gregorymouth, MS 13420",Y,miles
291,Michelle Bartlett,895-24-4839,"Unit 1532 Box 0886
DPO AP 79067",N,hours
292,Sarah Chapman,031-09-0556,"USCGC Jordan
FPO AE 75287",Y,hours
293,Lisa Palmer,706-64-1775,"854 Chad Corners
New Suzannebury, AZ 63301",N,hours
294,Krystal Soto,286-39-2570,"761 Lindsey Shoals Suite 971
Micheletown, KY 70829",Y,miles
295,Abigail Hernandez,436-63-9983,"3545 Shaw Expressway Apt. 785
South Paulaborough, OR 53587",Y,hours
296,Steven Mendez,701-69-4903,"3176 Aaron Station
Williamshire, GU 85518",Y,hours
297,Mrs. Hannah Wagner,132-54-3545,"81212 Ashley Freeway Apt. 012
Port Michael, NE 88817",Y,miles
298,Jason Peters,482-24-8943,"01249 Shaffer Rapid Suite 556
Tabithaton, MT 77436",Y,miles
299,Wesley Schroeder,894-86-6164,"Unit 5821 Box 4973
DPO AP 68833",N,hours
300,Patricia Owens,332-93-6985,"30702 Wiggins Unions Suite 250
Barrtown, VI 97203",N,miles
301,Christian Brown,872-20-8891,"42639 Patricia Cliffs Suite 971
West Samanthaville, ID 33809",N,hours
302,Benjamin Yoder,037-01-1458,"70053 Lawrence Plaza Apt. 875
Santiagoland, CT 34511",Y,hours
303,Sarah Adams,728-84-9857,"1923 Sara Way Suite 360
Lake Emilyborough, TN 12072",N,miles
304,Raymond Knight,477-32-9372,"02940 Martinez Village Apt. 220
Chelseatown, TN 07317",N,hours
305,Kyle Cervantes,811-64-2431,"069 Lauren Divide Apt. 593
Lake Kathrynton, ID 86544",Y,miles
306,Kendra Larson,510-55-9896,"Unit 0123 Box 0419
DPO AP 57898",N,hours
307,Theresa Roman,191-78-1524,"139 Hardy Port Apt. 705
Laraberg, CA 17503",N,hours
308,Timothy Kirby,179-87-4480,"8697 Roger Greens
Johnchester, FL 56147",N,miles
309,Kristina Becker,672-72-3755,"576 Kim Vista
West Jenniferside, GU 75577",Y,hours
310,Jonathan Davis,713-72-8184,"0963 Mahoney Forge Apt. 456
Anthonyton, MI 09834",N,hours
311,Christopher Sawyer,855-45-4073,"204 John Ports
Josephfurt, HI 27891",Y,miles
312,Elizabeth Turner,126-03-1448,"272 Shepherd Expressway Suite 725
Gordonbury, MD 66937",N,hours
313,Carolyn Butler,009-76-4116,"161 Booth Dam
East Christopher, MN 69700",N,miles
314,Kyle Mcdonald,401-10-5595,"03204 Kimberly Spur
Millerstad, ND 34341",N,miles
315,Crystal King,408-70-9664,"4968 Webb Courts
Lake Michaeltown, OK 95595",Y,miles
316,Sharon Carney,200-07-2915,"98642 Hayes Trace
Wilkinsbury, IN 46984",N,hours
317,Ann Smith,758-82-5284,"5828 Odom Track
Johnburgh, WY 34147",Y,hours
318,Diane Luna,700-73-0496,"99331 Willis Plain Suite 768
Smithfurt, MS 01768",N,miles
319,Steven Cordova,363-62-7219,"986 Michael Lodge
Heiditown, ID 10493",N,miles
320,Randy Smith,027-61-5273,"204 Davis Village
Tylerton, ND 49360",Y,hours
321,Steven Murphy,804-06-4606,"8241 Anderson Ville Apt. 742
Travisville, HI 94898",Y,hours
322,Matthew Mitchell,660-31-1634,"9220 Matthew Corner Apt. 364
West Theresastad, DE 57795",N,hours
323,Bruce Nichols,573-59-0492,"439 Gibbs Divide
Tylerhaven, VT 60253",N,miles
324,Joshua Morris,157-23-1707,"2872 Patel Heights Apt. 287
Hernandezshire, VT 59651",N,miles
325,Mark Lewis,805-84-8665,"7743 Maria Drives Suite 055
Hesterhaven, AZ 80081",Y,miles
326,Donald Medina,467-37-5929,"8337 Bell Tunnel
West Erin, CA 59755",Y,miles
327,Matthew Carr,484-23-0438,"Unit 8678 Box 8929
DPO AP 99676",N,miles
328,Amanda Johnson,172-14-3824,"05052 Phillips Club Suite 953
South Laurachester, PW 92201",Y,miles
329,Brittney Gutierrez,257-31-6479,"479 Joel Ridges
Markmouth, ND 56443",N,miles
330,Michelle Lucas,522-27-2541,"55787 Miguel Groves Suite 052
West Thomasville, CA 93245",N,miles
331,Raymond Sullivan,374-30-9960,"25016 Barber Roads
West Alexisfurt, VI 87632",Y,miles
332,Hannah Oliver,006-52-4444,"172 Brian Forks Suite 022
West Alejandratown, GU 90487",Y,hours
333,Jeffrey Bailey,739-34-2624,"7411 Kenneth Passage Suite 199
South Ronald, NM 82451",Y,hours
334,Joshua Johnson,112-82-3318,"077 Joseph Ridges Suite 264
West Sandra, PR 14552",N,miles
335,Jennifer Bowers,301-91-9295,"Unit 0209 Box 0399
DPO AP 24042",N,miles
336,Gary Brown,199-77-5574,"985 Sarah Key
Khanside, ID 87860",Y,hours
337,John Johnson,557-36-8506,"PSC 9116, Box 5070
APO AE 71128",N,miles
338,Noah Pierce,363-18-5659,"5772 Diaz Turnpike
Halefurt, MN 48467",Y,miles
339,Cindy Richards,199-14-3417,"70492 Greene Extensions
West Lisa, AL 89627",Y,miles
340,Ryan Johnson,349-81-9352,"082 Tucker Mountains Apt. 194
Terryborough, FM 23183",Y,miles
341,Crystal Young,112-80-4803,"018 Angela Fort Apt. 473
South Rebeccatown, ID 98857",Y,miles
342,Pamela Miranda,226-34-2255,"77600 Joanne Mountains
New Jessicaburgh, MA 43372",N,hours
343,Carolyn Butler,365-89-2442,"001 Harris Mount
Romanstad, IL 96499",N,miles
344,William Lee,562-43-2066,"949 Hernandez Wall
Michellefurt, NV 32000",Y,miles
345,Jennifer Edwards,708-95-9803,"Unit 9246 Box 7064
DPO AP 25860",N,hours
346,Tammy Pope,352-32-3644,"716 David Heights
South Amymouth, CO 82455",N,hours
347,Erika Gallegos,309-24-3547,"3234 Wagner Orchard Suite 884
East Vanessashire, CT 15736",N,miles
348,Eric Richardson,417-88-9425,"315 Lewis Terrace
South Kristen, CT 95750",N,miles
349,Glenn Kaiser,444-30-4496,"7627 Melissa Heights Suite 226
North Sylviamouth, AR 44303",N,miles
350,Nancy Thomas,691-08-6169,"6952 John Glens Apt. 403
Deanshire, WY 39192",N,miles
351,Jeffrey Jackson,551-56-7077,"540 Smith Hollow
East Jonathanmouth, NY 62504",Y,hours
352,Maurice Herrera,588-44-4887,"65739 Andrea Knoll
New Brandyhaven, VI 03638",N,hours
353,Edwin Johnston,136-54-1444,"Unit 6814 Box 2085
DPO AA 55711",Y,miles
354,Gregory Ware,083-60-2083,"90877 Smith Island Suite 358
Lake Brettside, MS 99214",N,miles
355,Lisa Gray,301-38-5648,"083 Russo Cliff Apt. 356
Porterburgh, SC 12111",Y,hours
356,Edward Palmer,658-33-4021,"940 Melinda Way Apt. 601
Lake Brian, VA 70229",N,miles
357,Monique Roy,656-02-7333,"3553 Williams Burgs Suite 998
Port Oscarfurt, DC 62726",N,hours
358,Brandon Mcneil,632-55-2808,"960 Short Lane
Wilsonport, MH 80665",Y,hours
359,Jennifer Herrera,883-68-5938,"42474 Gibbs Causeway
New James, VT 50515",Y,miles
360,Andrew Miller,150-76-1094,"Unit 9315 Box 2126
DPO AP 95524",N,hours
361,Christopher Howell,748-59-8417,"USNS Thomas
FPO AP 65612",Y,miles
362,Wendy Fletcher,059-06-9850,"02377 Ryan Heights Suite 644
Wangfurt, PW 12173",Y,hours
363,Alexander Wallace,764-26-4421,"43508 Nguyen Row Suite 410
East Michellemouth, NH 27157",Y,hours
364,Cameron Choi,004-62-5825,"4757 Teresa Motorway
Rebeccaport, MT 34721",N,hours
365,Scott Patterson,105-32-1435,"74749 Young Plain Suite 557
South Gregoryberg, WY 74142",N,miles
366,Ashley Haynes,877-50-7614,"USNS Carter
FPO AP 65418",Y,miles
367,Barbara Morgan,863-60-7404,"07972 Robert Mission Apt. 753
North Aimee, FL 88894",N,hours
368,Christopher Robinson,400-15-2505,"907 Karen Fall Apt. 312
Calvinview, NE 15185",Y,hours
369,Thomas Chase,363-13-0896,"144 Thomas Crossing Apt. 278
Burnettland, NJ 53776",Y,hours
370,Christopher Williams,647-43-3411,"03576 Gutierrez Mill
Howellfurt, NH 42475",Y,hours
371,Paula Harper,217-76-0709,"7501 Davis Corner Apt. 955
East Benjamin, UT 62052",Y,miles
372,Eric Bradford,408-80-0996,"217 Jason Forge
Wernerstad, CA 97820",Y,miles
373,Jennifer Thompson,853-08-3660,"543 Johnson Harbor
New Eric, NJ 32466",Y,hours
374,Isaac Fritz,503-83-2094,"PSC 4598, Box 1252
APO AP 20876",N,miles
375,Dr. Eric Dean,665-58-6200,"380 Gutierrez Shores Apt. 688
Port Ryanmouth, LA 82204",N,miles
376,Mr. Michael Hughes,416-36-1949,"Unit 5565 Box 7607
DPO AP 02616",N,miles
377,Dean Carr,450-90-8157,"52149 Mark Cliff
South Adam, DC 25456",N,miles
378,Laura Rogers,693-78-1986,"5504 Jeremy Parks
East Anthonymouth, DC 09970",Y,miles
379,Michael Morrison,438-28-2678,"9412 Tim Trail Suite 217
Williamsmouth, WA 01748",N,miles
380,Sharon Lopez,634-67-5047,"44850 Baldwin Pass Apt. 921
Port Joseph, ME 42595",Y,hours
381,Lori Knapp,528-17-3900,"98172 Thompson Roads Suite 154
Diazland, KS 76826",N,hours
382,William Robinson,854-94-7484,"6386 Amber Ridge
West Breannaberg, LA 04589",Y,miles
383,Isaiah Watts,676-40-8944,"Unit 9083 Box 6882
DPO AA 08362",N,miles
384,Charles Christensen,660-86-4706,"8963 Cross Springs
Hamiltonton, DC 31258",Y,miles
385,Annette Jones,752-98-6870,"5542 Kathryn Heights
Brownmouth, MT 34236",Y,hours
386,Carrie Gonzalez,646-01-0342,"71807 Moss Spring Apt. 957
Danielmouth, MD 72250",Y,miles
387,Jordan Cunningham,163-10-0096,"USNS Little
FPO AE 54904",Y,hours
388,Melanie Perkins,072-65-6195,"14079 Phillips Wall
Patriciaville, MS 96862",Y,hours
389,Denise Sheppard,020-35-4965,"2660 May Turnpike Suite 095
Baileyville, MI 52964",N,hours
390,Patricia Moore,308-27-5648,"972 Martinez Mission Suite 963
New Paulchester, MD 68257",N,hours
391,Ana Lopez,343-82-8191,"99217 Rodriguez Brooks
South Christine, IL 51436",Y,miles
392,William Sullivan,292-03-2482,"593 Jessica Port Apt. 870
Heatherhaven, HI 63139",N,hours
393,Jonathan Johnson,219-15-9174,"252 Fox Ways
North Robertstad, WA 77497",N,miles
394,Joseph Evans,486-41-5453,"62191 Brian Glens
Porterside, VA 71203",N,miles
395,Steven Harrison,781-98-1241,"12096 Stephanie Walks
Martinezhaven, CT 04897",Y,miles
396,Christopher Mathis,521-69-7747,"0333 Klein Alley
Donaldport, SD 01977",N,hours
397,Dana Miller,377-71-5983,"45309 David Islands Suite 469
Marshfort, NC 83455",Y,miles
398,Lance Morgan,199-24-3966,"4016 Hernandez Green Suite 500
Jacobsmouth, UT 81635",N,miles
399,Monica Crawford,495-01-5155,"05356 Adkins Stream Apt. 597
East Karenhaven, NV 35577",Y,miles
400,Jennifer Baker,005-10-6065,"4188 Jonathan Corner
North Anna, MA 90269",Y,miles
401,George Wright,550-03-7878,"667 David Lock Suite 101
Floresshire, VA 89151",Y,miles
402,Heather Sherman,387-62-3847,"3182 Elizabeth Island Apt. 021
East Tinastad, MP 83166",N,hours
403,Isabel Galvan,678-26-6771,"231 Martin Mill
New Craig, PW 28990",N,miles
404,Kristin Jones,760-40-3338,"13358 Wise Flats
West Kimberly, FM 52264",Y,hours
405,Kayla Brown,748-18-4092,"17764 Arroyo Knolls Suite 525
West Frankside, NC 73307",Y,miles
406,Melissa Galloway,796-11-7280,"24777 Amy Lake
Lake Kyle, VI 78139",N,hours
407,Crystal Chavez,771-54-7830,"560 Miller Road
Parkertown, PR 08903",N,hours
408,Craig Oconnor,513-67-1238,"Unit 2349 Box 3263
DPO AE 50520",Y,hours
409,Hayden Ellison,081-40-8460,"020 Hernandez Rapids
Patriciachester, AZ 98146",Y,miles
410,Richard Washington,681-06-4993,"6284 Bradley Overpass
New Alexandrabury, MA 54068",Y,hours
411,Brenda Martin,208-61-4533,"3312 Michael Causeway Apt. 399
Port Angela, FM 63513",N,miles
412,Charles Rivera,341-70-7668,"036 Angela Shore
Kleinside, MN 98698",Y,miles
413,Debbie Miller,455-68-5863,"08087 Burns View
New Megan, DC 71498",Y,miles
414,John Dunn,811-25-5294,"0858 Elizabeth Row
West Catherinehaven, NV 71845",Y,miles
415,Michael Powell,363-39-8328,"6254 Jones Walks Apt. 681
Edwardsmouth, CA 43703",Y,hours
416,Elizabeth Bryant,172-05-8202,"96000 Alvarez Circle Apt. 365
Summerbury, PR 90336",N,hours
417,Ashley Walsh,560-27-5796,"7495 Nicole Mission
Port Matthewshire, NJ 17859",N,miles
418,Joe Doyle,285-79-9251,"40353 Price Crossroad
New Scott, SD 15116",Y,miles
419,Damon Hamilton,640-16-2889,"475 Melinda Viaduct Suite 560
Elizabethhaven, IL 28572",N,hours
420,Haley Glover,250-98-1116,"Unit 0016 Box 3040
DPO AE 84920",N,miles
421,Dr. Felicia Harrington,525-44-7360,"1010 Flores Shore
Claudiabury, WV 37662",N,miles
422,Christina Henry,333-83-7066,"2545 Rachel Way Apt. 781
Nathanielstad, MN 91281",Y,miles
423,Kathleen Murphy,829-33-5854,"Unit 0341 Box 6874
DPO AA 34432",N,miles
424,Tiffany Campbell,688-78-6668,"87106 Arroyo Parks Suite 772
Zacharytown, DC 25839",N,miles
425,Troy Burgess,325-59-7845,"30270 Melendez Ville
Jonathanport, IN 09493",N,miles
426,William Thomas,753-75-0367,"0613 Macias Field Suite 363
Leonardfurt, OR 43694",Y,hours
427,Jeffrey Fernandez,817-67-8461,"1531 Lopez Gateway Suite 988
Sarahburgh, WA 81980",Y,miles
428,Lauren Smith,853-44-4105,"70721 Jimenez Trail
Johnmouth, DE 62515",Y,miles
429,Jasmine Martinez,606-29-2203,"9588 Long Plains Suite 419
South Patriciahaven, GA 25320",N,miles
430,Denise Alvarez,885-96-0252,"4528 Michael Path Apt. 917
New Tony, NM 81192",N,miles
431,Betty Guzman,720-97-4337,"7776 Jordan Motorway
Grayton, TN 55864",N,hours
432,Dr. Michael Hall,638-24-1409,"258 Corey Cliff Apt. 205
West Patricia, VT 30860",Y,miles
433,Kevin Wright,080-44-5115,"833 Lane Vista Apt. 960
Saraport, AR 46032",Y,miles
434,Kyle Kelley,066-48-6431,"346 Eric Mall Suite 854
New Monicaberg, MP 82241",Y,miles
435,Robert Newman DDS,086-28-2913,"9423 White Bypass Apt. 302
Ianmouth, MI 40419",Y,miles
436,Adam Hill,659-53-7767,"USS Pena
FPO AP 70654",N,miles
437,Robert Morrow,650-05-3797,"9250 Phillips Lane Apt. 188
Lake Tylerstad, RI 64625",N,hours
438,Kimberly Chan,113-92-9238,"941 Dunlap Island Suite 856
Nelsonport, OH 14786",Y,miles
439,Alexandra Quinn,845-94-1144,"30969 Anna Cape
New Juan, MA 28161",Y,miles
440,Tina Webster,665-77-8384,"153 Campbell Prairie
East Michael, VT 12346",N,hours
441,Linda Hansen DDS,457-65-1802,"1877 Amy Dale Suite 431
Port Adam, TX 66637",Y,miles
442,Dave Mclean,027-74-2408,"817 Lori Extensions
Matthewtown, MD 60052",Y,hours
443,Shirley Parker,186-75-6110,"6327 Smith Fields Suite 731
Stanleyfort, FL 13823",Y,miles
444,Carl Ball MD,103-81-8191,"997 Gregory Square
Lake Jasmine, OK 57525",N,miles
445,John May,764-01-4527,"815 Chelsea Isle Suite 693
Port Lori, NM 90261",N,hours
446,Brittney Wallace,618-10-6356,"99752 Johnson Station Suite 940
Reyesborough, GA 15029",N,hours
447,Michael Walton,449-43-2530,"9157 Victor Inlet Suite 730
Matthewton, OK 54881",N,miles
448,Benjamin Pena,582-59-7054,"019 Snyder Ranch Apt. 789
Williamsbury, IN 51482",N,miles
449,Jason Diaz,255-96-1890,"646 Heather Shores
Lake Tina, HI 46052",Y,hours
450,Stacy Lewis PhD,338-74-0962,"2919 Page Turnpike
Lake Mirandaview, MA 09204",N,hours
451,Samantha Harrell,137-18-7739,"1798 Nelson Passage Apt. 116
South Aliciatown, HI 15250",Y,hours
452,Michael Armstrong,324-23-8231,"640 Patrick Inlet Suite 079
Parkertown, MN 51254",Y,hours
453,Juan Friedman,517-36-5090,"639 Andrea Court
Kimfurt, GA 83531",Y,miles
454,Pamela Foster,079-74-2935,"Unit 9086 Box 8384
DPO AA 05996",N,hours
455,Aaron Chan,717-79-9231,"3522 Holmes Walk
Maxwellview, GA 47622",N,hours
456,Thomas Lloyd,220-05-6049,"122 Jensen Pike
New Jeffrey, OR 18513",Y,miles
457,Mr. Joshua Williams MD,705-23-6039,"21148 Shields Groves
East Earlfurt, IA 37373",N,miles
458,Danielle Nelson,340-59-2605,"000 Abigail Expressway Apt. 544
Annafort, LA 92288",Y,hours
459,John Hogan,210-08-0438,"694 Erickson Lock Suite 063
Garybury, IA 46280",Y,hours
460,Amanda Johnson,863-22-5085,"28119 Joyce Shoals
Mirandafort, AZ 45584",Y,hours
461,Debra Sanchez,067-14-6689,"0494 John Terrace Suite 405
South James, NM 54701",Y,miles
462,Daniel Richardson,558-99-5973,"51011 Johnson Manor
Johnborough, CT 34030",Y,miles
463,Sierra Thomas,398-88-3117,"7404 Morales Junctions
Port Danielborough, GA 65013",N,hours
464,Charles Potter,317-82-6840,"87025 Kimberly Tunnel Suite 473
Nielsenbury, OR 86298",Y,miles
465,Ruben Ramos,300-59-5591,"85774 Sara Groves Apt. 922
Moralesfurt, PR 20026",N,hours
466,James Allen,597-63-8793,"254 White Parks Suite 688
Crawfordside, VI 77150",Y,miles
467,Megan Davis,065-50-7318,"18830 Hebert Mission
West Marcushaven, IL 82558",Y,miles
468,Cameron Schultz,619-91-2118,"97887 Victor Wells
Leefort, IL 75860",Y,miles
469,Vincent Bean,174-49-4288,"6981 Santiago Square
West Matthewhaven, FL 41076",Y,hours
470,Cody Beltran,575-94-3883,"PSC 9934, Box 1822
APO AE 30367",Y,miles
471,Richard Barrett,273-99-3506,"5734 Wise Views
Fosterport, MP 77465",N,miles
472,Katherine King,411-36-2603,"459 Myers Greens
Dennismouth, UT 07391",N,hours
473,Adrian Gomez,525-26-4000,"20789 Brown Extensions Apt. 879
East Brian, NJ 41856",Y,miles
474,Casey Wilson,465-79-7505,"28607 Wilkinson Orchard
Jonesville, RI 14579",N,hours
475,Travis Winters,041-05-7028,"5170 Johnson Creek Suite 022
North Deborah, OK 70346",Y,hours
476,Jonathan Walton,794-20-1034,"6312 Fleming Hill Apt. 948
Caldwellstad, PA 81787",N,miles
477,Hannah Chavez,794-13-9819,"1092 Fox Orchard
Hawkinsborough, MT 98367",Y,miles
478,Jerry Pena,889-37-2907,"183 Cowan Summit Apt. 153
Blackwellville, AS 27846",Y,miles
479,Jason Shields,848-58-8929,"8256 Angela Prairie
Manningstad, PW 46942",Y,hours
480,Donna Dunn,154-78-5035,"0808 Burns Forge
Murphychester, VT 00989",N,miles
481,Susan Diaz,762-85-4595,"6711 Thomas Greens
Connormouth, MS 09269",N,hours
482,Stephanie Lopez,802-37-2025,"6907 Macias Keys
New Luisport, NV 65141",Y,hours
483,Sydney Ibarra,530-87-6846,"451 Martinez Tunnel
Justinhaven, DC 68506",Y,miles
484,Daniel Smith,562-54-0511,"958 Fuller Estate
Vargasside, AS 65239",N,miles
485,Frank Anderson,600-63-3350,"Unit 8493 Box 0244
DPO AE 80818",Y,miles
486,Mark White,595-01-6783,"Unit 3114 Box 2938
DPO AE 54022",Y,hours
487,Eric Moore,594-22-7787,"785 Rodriguez Run
West Ginaland, UT 63474",N,hours
488,John Contreras,684-56-0622,"963 Denise Turnpike
Haleyview, WI 10050",N,hours
489,Alicia Mercer,300-77-8971,"496 Castillo Mountain
Ramosbury, VA 92813",N,hours
490,John Smith,017-31-2816,"414 Hamilton Points Suite 578
South Kimberlymouth, MD 57953",N,hours
491,Michael Mejia,591-07-9706,"01948 Robert Ville
Brooksville, PW 11992",N,hours
492,Sara Morgan,102-24-7982,"4332 Welch Squares
West Anthonymouth, SC 36597",Y,hours
493,Melinda Fitzgerald,653-54-2888,"432 Natalie Viaduct Apt. 908
Hendersonton, IL 51415",Y,hours
494,Kathy Sandoval,385-72-0741,"0027 Ortiz Ridges Apt. 331
Peterstown, NE 97103",Y,hours
495,James Wagner,334-24-5997,"09663 Jensen Groves Apt. 146
North Jonathanland, SC 43245",Y,miles
496,Jacqueline Alvarez,817-63-0524,"27780 Gary Parks Suite 726
Walshtown, ND 18932",N,miles
497,Melissa Knight,833-78-8669,"07775 Kelly Glens Apt. 108
New Brentland, ID 56497",N,miles
498,William Avila,701-50-0629,"262 Charles Harbor
Pagemouth, AS 27126",Y,miles
499,Leslie Jones,592-91-4367,"9186 James Canyon
North Timothy, WY 11606",N,miles
500,Nicole Johnson,560-99-8378,"PSC 3997, Box 8341
APO AP 95855",Y,hours
501,Kevin Andrews,095-85-7612,"010 Bradley Pass
East Kevinchester, IN 78996",Y,miles
502,Dylan Ross,123-86-5276,"110 Mary Forest Apt. 091
Kyleshire, PA 51900",N,hours
503,Lynn Price MD,469-70-7802,"PSC 4454, Box 2686
APO AA 82233",N,hours
504,Tara Davidson,808-96-7733,"PSC 8826, Box 6271
APO AP 85865",N,hours
505,Sherri Hall,025-80-0761,"PSC 6000, Box 8296
APO AA 97362",N,miles
506,Sarah Jackson,760-91-7592,"9712 Peterson Stream
Lake Emily, UT 18032",N,miles
507,Nicole Maxwell,340-19-3213,"35046 Olson Plain Suite 069
Velasquezview, CO 45973",N,miles
508,Robert Williams,007-32-5136,"1465 Amy Cliff
North Sierraside, AR 19250",N,miles
509,James Williams,280-04-9910,"30168 Laura Hollow
Tyroneburgh, NM 72661",N,miles
510,Robert Lane,874-20-5330,"5300 Washington Spur
Simmonsland, OK 84609",Y,hours
511,Cathy Day,359-33-0918,"883 Gregory Plains
North Kristinshire, GA 19500",Y,hours
512,Evan Skinner,348-84-4452,"6296 King Rapid
Timothytown, VT 83603",N,hours
513,Janet Adams,066-55-8577,"66110 Hannah Track
West Shawn, ID 11207",N,hours
514,Annette Ortiz,745-71-1271,"0767 Cantrell Throughway
Bookerborough, PW 71301",N,miles
515,Tyler Mitchell,089-21-8178,"419 Vincent Haven Suite 263
North Alexander, IL 19214",Y,hours
516,Stephanie Armstrong,730-90-4688,"313 Zachary Flat
Timothytown, SC 06235",N,hours
517,Nicole Smith,716-46-6719,"PSC 2255, Box 6194
APO AA 12766",Y,hours
518,Anthony Wallace,581-11-0359,"935 Torres Throughway
Christophershire, PA 30185",Y,hours
519,Kurt Lopez,556-10-3770,"78407 Gregory Mountain Suite 082
Jeremyberg, FL 97403",N,miles
520,Margaret Aguilar,488-85-2956,"83687 Barbara Key
East Melody, TN 72293",Y,miles
521,April Martinez DVM,276-12-9173,"77590 Kelly Knolls
South Sharonstad, NH 07458",N,hours
522,Katherine Turner,577-90-0036,"6294 Jamie Brook Apt. 311
Port Maria, MD 04181",Y,miles
523,Lucas Carter,046-11-2412,"6944 Long Neck Apt. 104
New David, MD 47147",N,miles
524,Candice Kim,561-02-8088,"225 Young Ports
North Eric, FM 07185",N,hours
525,Angel Williamson,059-52-8327,"58446 Charles Crescent
Markshire, AL 40736",Y,hours
526,Ebony Park,899-05-9477,"24310 Justin Mills Suite 606
Perezton, CO 43574",Y,miles
527,Jeffrey Lowe,713-91-3662,"18663 Vincent Circles Apt. 840
Victormouth, UT 23211",Y,miles
528,Lisa Greene,639-64-4753,"034 Karina Lock Suite 912
Danielsburgh, VI 66071",N,miles
529,Perry Bradshaw,646-37-0623,"68745 Lopez Stravenue
East Henry, AZ 18905",Y,hours
530,Mike Eaton,198-50-2807,"0843 John Orchard Suite 609
Port Suzanneburgh, ME 23180",N,miles
531,Jorge Maxwell,104-60-6075,"4482 Lee Village
Chavezhaven, OK 60425",N,hours
532,Kiara Brennan,513-61-3732,"37478 Justin Hollow
East Jennifer, MS 08885",Y,miles
533,Katrina White,165-31-0122,"961 Amy Forest
West Nicolefort, WI 15852",N,hours
534,John Arnold,865-76-5568,"Unit 0216 Box 6194
DPO AE 34397",Y,miles
535,Michael Brewer,339-84-2675,"0867 Sharon Shore
New Nicoleburgh, VI 12591",Y,miles
536,Robert Mcdonald,685-45-4558,"438 Davis Inlet Suite 234
Port Charles, HI 01868",N,hours
537,Briana Davis,777-28-4142,"0970 Sarah Light Apt. 366
New Cameron, DC 09760",N,miles
538,Susan Garcia,490-48-2777,"638 Gould Canyon Apt. 461
New Gina, NY 86536",N,hours
539,Kristina Ali,765-96-9767,"645 Shari Court Suite 024
Billymouth, AK 09349",N,hours
540,Emily Fletcher,346-11-7157,"61657 Cuevas Place
Levyburgh, HI 86612",N,hours
541,Joshua King,104-98-2277,"08514 Anna Loop
Andersonmouth, IA 17718",N,hours
542,Dalton Patton,235-26-2865,"932 Larry Unions
North Christophermouth, MI 42437",Y,miles
543,Amy Smith,867-23-5127,"2967 Chad Branch Suite 377
North Franklin, NC 13482",N,hours
544,Jeffrey Henson,605-40-5686,"Unit 9112 Box 4226
DPO AP 57417",N,miles
545,Timothy Durham,046-51-7529,"PSC 6491, Box 0797
APO AA 45802",N,miles
546,Sara Campbell,316-14-9862,"184 Christine Lodge Apt. 808
North Anna, MN 89120",N,miles
547,Ethan Andrews,043-63-3771,"43651 Hale Island Suite 190
East Johnnyfort, GA 43869",Y,miles
548,Brandon Johnson,863-73-9791,"9119 Marco Stream Apt. 221
Lake Jacob, HI 62381",N,miles
549,Elizabeth King,399-85-4394,"40552 Martinez Ways Apt. 479
Port Aaronport, UT 65759",N,miles
550,Diane Nunez,830-34-8172,"95036 Antonio Ramp Suite 067
Stewartchester, ND 93094",Y,miles
551,Ashley Hebert,702-79-0837,"0456 Mary Lake
Lake Renee, VT 84574",Y,miles
552,Lauren Edwards,534-56-3290,"684 Bradley Fort
Stoutbury, MN 66471",Y,hours
553,Trevor Yang,257-27-6496,"32515 Julie Squares Apt. 339
Brightmouth, CT 05987",N,miles
554,Tina Davis,368-99-5461,"577 Heather Turnpike Suite 876
Ericland, FL 31358",Y,hours
555,Monica White,323-12-8328,"153 Robinson Camp
Lake Karen, MO 54431",Y,miles
556,Dustin Pearson,602-99-1364,"84311 Cheryl Light Suite 133
Clarkshire, IA 26560",N,hours
557,James Smith,084-16-0336,"053 Juan Villages
Smithshire, CA 36321",N,miles
558,Catherine Fields,249-76-8994,"4108 Meghan Prairie
Littleville, AZ 71579",Y,miles
559,Danielle Perry,028-99-7534,"3690 Misty Points Suite 525
South Jeremyside, CO 89456",Y,miles
560,Caroline Padilla,217-61-2010,"71217 Simpson Walks
East Michaelchester, NH 94461",N,miles
561,Anita Monroe,353-34-9099,"0554 Copeland Tunnel
Jacksonfurt, MH 89109",Y,miles
562,Brian Parker,709-09-4884,"9222 Molina Fords Suite 838
East Ashleyhaven, CA 12730",Y,miles
563,Richard Campbell,587-86-1011,"4766 Dixon Mountains Suite 140
East Peterstad, WV 60726",Y,hours
564,Paula Wright,449-75-3091,"05511 Taylor Stream
Wallermouth, MN 23348",Y,miles
565,Mark Thomas,384-87-1942,"3187 Cummings Parkways
East Adrianfurt, NM 67400",N,hours
566,Jacqueline Johnson,870-09-9105,"793 Combs Ports Apt. 767
North Michelleborough, VA 60806",N,miles
567,Robert Kelly,622-19-5378,"410 Jones Cliffs
South Amberview, DC 48668",Y,miles
568,Emily Spencer,716-86-6120,"349 Taylor Fork
Louisfurt, ID 24363",N,miles
569,William Williams,289-60-5098,"0682 Willis Forge Suite 679
East Jamesborough, MN 16712",N,hours
570,Eric Jones,730-98-7415,"6241 Duran Orchard
Port Adamside, MO 95658",Y,miles
571,Diana Ruiz,344-95-2304,"38742 Friedman Forks
Lake Michaelton, OR 97913",N,miles
572,Adam Hall,257-08-1044,"84614 Tracey Crescent
Brandimouth, RI 42202",Y,miles
573,Douglas Hess,238-72-7927,"58825 Fernandez Grove Suite 961
Lake Lindsey, CT 08935",Y,miles
574,John Terry,847-76-0738,"91840 Lucero Fall
Anthonyfort, SC 83845",Y,miles
575,Stacy Peterson,185-55-0185,"9129 King Fall Suite 458
Matthewchester, ID 48009",Y,hours
576,Brian Barrett,335-13-9842,"841 Sanchez Junction Suite 675
Ayalashire, KS 30722",N,hours
577,Tammy Williams,099-89-5337,"3981 Stephanie Place Suite 944
Geraldton, OK 44550",Y,miles
578,Kevin Yang,857-49-0185,"240 Andrew Orchard
West Shannon, MA 57961",N,hours
579,Adrienne Rios,587-71-4739,"PSC 4551, Box 2463
APO AE 76204",Y,miles
580,Scott Flores,855-64-8178,"43823 Moore Pike Suite 010
Lake Shelia, CT 21869",Y,hours
581,Barbara Bradley,834-91-2229,"4414 Brianna Underpass Apt. 039
Rickfort, CA 58591",N,hours
582,Jessica White,213-92-4908,"296 Erin Motorway
Walkerton, GA 70959",N,miles
583,Corey Bright,413-10-9885,"4111 Julia Parkways Apt. 114
Stephenfurt, MD 14212",Y,miles
584,Andrew Neal,376-39-6133,"USCGC Richardson
FPO AE 59852",N,hours
585,Stacy Roman,685-55-8583,"1564 Ryan Trafficway
Lake Kayla, TX 69711",Y,miles
586,Brandy Wood,333-21-0813,"89869 Douglas Cliff
Armstrongport, VT 72156",N,miles
587,Kenneth Waters,530-63-1349,"3347 Perry Keys Suite 990
Edwardfort, LA 38799",Y,hours
588,April Garcia,290-10-5073,"83871 Valerie Mills Suite 661
Lake Melody, VA 68071",Y,hours
589,Megan Khan,415-86-6004,"7097 Matthew Streets Suite 831
East Laurenshire, NM 04842",Y,miles
590,Gavin Flores,279-89-5137,"17061 Powers Meadow
North Staceyville, GU 23524",Y,miles
591,Alison Lopez,157-89-8667,"03865 Wilson Ville Suite 966
West Antonioside, WA 01696",Y,miles
592,Kimberly Massey,163-78-3887,"44563 Hanson Wells
New Robertofort, CA 08751",N,miles
593,Jamie Willis,891-59-8239,"00068 Todd Mountains Apt. 071
Port Gabriela, MP 04014",N,miles
594,Nathan Sanchez,119-34-3030,"4541 Lloyd Path
East Maria, MP 53347",N,miles
595,Kimberly Mitchell,118-80-5296,"99854 Sandra Forest Apt. 202
Port Denise, KY 73776",N,miles
596,Laura Nguyen,349-52-0780,"3598 Thomas Road Apt. 833
Baileymouth, PR 26384",Y,miles
597,Samuel Smith,774-36-5167,"1299 Wall Trace Suite 581
West Kurtside, UT 03451",N,hours
598,Kristi Wall,777-09-3661,"373 Suarez Lodge
Andrewland, NM 96085",Y,hours
599,Ryan Webster,379-02-4919,"727 John Alley Apt. 495
Aguilartown, VA 47430",N,miles
600,Eric Guerrero,063-33-7298,"548 Nicholas Throughway Apt. 609
North Maryshire, MT 32154",Y,hours
601,Daryl Cline,174-76-0478,"111 Farley Bypass
West Christina, UT 11757",Y,miles
602,Danielle Cook,204-12-7610,"440 Jeremy Way Suite 373
New Anthony, MH 94627",N,miles
603,Jacob Rodriguez,408-30-2699,"4141 Brenda Ville
Port Terri, OR 36293",Y,hours
604,Katie Terry,620-69-3392,"59923 French Light Apt. 224
Elizabethburgh, WI 78938",Y,miles
605,Kathy Solis,878-03-3992,"83337 Ellis Hollow
Kellystad, VI 54464",N,hours
606,Mr. Francisco Johnson MD,008-07-9735,"82726 Pratt Knolls
Port Michael, KS 32083",N,hours
607,Paul Krueger,038-44-6768,"715 Medina Forge
Leonardstad, MI 11665",Y,hours
608,Benjamin Pitts,126-37-0688,"1990 Denise Locks Apt. 061
Liushire, AS 89371",N,hours
609,Matthew Hood,002-80-9042,"60288 Gomez Roads
Sarahbury, NM 24755",Y,miles
610,Mark Robinson,255-40-6456,"2889 Guerrero Shores Suite 565
West Craig, FM 16004",Y,hours
611,Christopher Walker,602-29-3319,"4128 Blanchard Avenue
South Georgemouth, VI 07847",Y,hours
612,William Nichols,293-05-9269,"605 Rebecca Dale Suite 004
Johnsonhaven, MT 70837",Y,hours
613,Danielle Glenn,301-98-7794,"470 Park Ramp
Selenaberg, WA 57116",Y,hours
614,Joyce Padilla,725-38-1106,"21805 Duffy Mills Suite 446
Rhondastad, AK 76368",Y,miles
615,James Cruz,698-43-7106,"50501 Parker Walk
North Emilyburgh, CA 27296",N,hours
616,Mr. Shawn Robinson,757-70-9826,"44297 Barrett Pike Suite 152
South Brian, NC 19997",N,miles
617,Kevin Norman,125-34-2000,"053 Jessica Overpass
Antoniochester, IN 03632",Y,miles
618,Cassandra Contreras,149-38-2447,"5228 Delacruz Walk
Lake Gerald, PA 18274",N,miles
619,Denise Gibson,350-47-7003,"1011 Savannah Trail
Gordonmouth, AS 42526",N,hours
620,Anthony Sullivan,823-14-9429,"PSC 0630, Box 3871
APO AP 65307",Y,miles
621,Shaun Best,832-35-7785,"116 Darlene Spurs Apt. 081
Jacksonshire, WV 53108",N,hours
622,Cole Stanley,281-03-7654,"30147 Jennifer Expressway Apt. 235
Burnsberg, AS 64334",Y,hours
623,Calvin Cochran,029-78-6803,"2071 Combs Course
East Lisa, AL 44544",N,hours
624,Tina Brown,225-04-3905,"USNS Taylor
FPO AA 15227",Y,miles
625,Laura Fernandez,241-96-6231,"5454 Julia Rue
South Davidmouth, MI 36628",N,miles
626,Wesley Cohen,875-93-2709,"055 Curry Plaza Suite 916
Port Morgan, PA 91215",N,miles
627,Katie Harris,461-42-0976,"6956 Kelli Ridges Suite 733
North Tyroneton, VA 44893",N,miles
628,Kelly Williamson,892-80-2509,"120 Aaron Point
Carterstad, OH 92015",Y,miles
629,Marcus Hays,002-82-7111,"1130 Steven Island
West Vanessa, GA 82526",Y,miles
630,Mark Hernandez,503-29-3715,"1861 Duran Forge Apt. 749
Wilsonfurt, MP 67193",Y,hours
631,Jennifer Ward,299-53-2583,"0567 Jennifer Walk Suite 669
North Teresaburgh, PA 01846",N,miles
632,Steven Adams,206-11-7045,"Unit 2695 Box 8012
DPO AP 92658",N,hours
633,George Parker,673-33-7754,"266 Laura Center
South Ricky, SD 44876",Y,miles
634,Kimberly Lowe,119-58-2558,"7104 Charles Glens
Karlaton, NJ 81997",N,miles
635,Vincent Taylor,756-62-9789,"3208 Moore Fort Suite 196
East Shari, NJ 59194",N,miles
636,Heather White,637-66-0117,"050 Timothy Isle Suite 760
Lake Raven, MD 81454",N,miles
637,Dr. Benjamin Padilla,445-34-3506,"077 Holland Trace Apt. 993
East Thomas, AL 62996",Y,miles
638,Rebecca Smith,037-14-6427,"223 Serrano Walks Apt. 395
Isaiahside, LA 18413",Y,miles
639,Kyle Malone,678-97-7513,"3345 Derek Estates Apt. 389
Brownfurt, MD 45327",N,miles
640,Jose Mcdonald,596-84-0985,"094 William Turnpike Apt. 105
Andersonstad, AK 42187",N,hours
641,Roger Combs,242-39-6701,"035 Bailey Forges Apt. 827
Rosemouth, WI 45311",Y,hours
642,Kenneth Brown,790-26-5664,"798 Shannon Overpass Suite 028
Christophermouth, OH 16057",Y,miles
643,John Briggs,265-62-1881,"54146 Carpenter Bridge Apt. 880
Matthewland, WV 68164",Y,hours
644,Angela Moore,315-69-7746,"2935 Scott Ramp Suite 804
Jasonmouth, NC 81901",Y,miles
645,Sandra Arellano,063-64-3537,"2728 Howard Heights
Port Robert, VI 52131",N,hours
646,Rachel Stokes,511-86-0009,"829 Ross Heights
West Mariohaven, MA 40081",Y,hours
647,Monica Myers,205-72-2925,"0545 Garcia Pass Suite 783
South Timothyburgh, NV 26157",Y,miles
648,Phyllis Strong,721-34-5926,"590 Sylvia Circle Suite 468
East Russellview, NV 94989",Y,miles
649,Kathy Alvarez,621-35-0093,"1923 Fisher Forges
Port Lawrence, NE 52512",Y,miles
650,Carol Edwards,136-20-5132,"9174 Gutierrez Brook
Port David, CT 06569",N,hours
651,Michael Francis,667-49-5200,"0856 Tristan Roads
South Dianeburgh, OH 36781",Y,hours
652,Robert Stanton,677-03-0488,"453 Jimmy Run
New Kathytown, ME 98187",Y,hours
653,Sara Glover,547-44-2010,"323 Reese Forge Suite 715
Karlport, VT 10298",N,miles
654,Erica Davis,360-15-3202,"26795 Julie Gardens
Tiffanyhaven, NJ 62492",N,miles
655,Stephanie Scott,854-35-3433,"77403 Evans Haven Suite 575
Shawnstad, IL 40510",N,hours
656,Terry Mcguire,673-80-0858,"PSC 0821, Box 9426
APO AP 82831",Y,hours
657,Justin Buck,342-09-1913,"95765 Miller Mountains Suite 977
Port Laurenmouth, ID 23132",N,hours
658,Ronald Mayer,313-52-5104,"491 Galvan Walks Apt. 109
Sandersfurt, MN 86298",Y,miles
659,Joanna Robinson,019-79-1264,"30455 Fields Cliff
Stevenshaven, IL 40022",N,miles
660,Gina Franco,302-97-1842,"9911 Carr Island Suite 116
Carlyfort, GA 35359",Y,hours
661,Beverly Gray,040-74-5301,"773 Laurie Inlet Suite 572
New Julie, AS 72390",Y,hours
662,Andrew Butler,835-38-4450,"75853 Jennifer Cliffs Apt. 433
Kennedyport, MT 47863",N,hours
663,Mr. Richard Harris DDS,624-89-7341,"0859 Hodge Drive Apt. 014
South Jameston, IA 60273",N,miles
664,Mr. William Savage,404-29-9511,"422 Richardson Gardens
South Troyshire, AR 50760",N,miles
665,Susan Mason,682-54-8344,"07670 Monica Mission
Tiffanyhaven, NM 26924",Y,hours
666,Elizabeth Rodriguez,294-11-4739,"5812 Taylor Coves
Lake Jamesshire, MA 17127",Y,miles
667,Edward Hunter,626-65-3470,"057 Timothy Keys
Paigetown, NM 89473",Y,miles
668,William Williams,250-45-7719,"530 White Expressway
Patelland, NM 99082",N,miles
669,Brandi Mullen,733-62-9906,"457 Zhang Glens
Russellside, NV 92193",N,miles
670,Karen Shaffer,722-43-2442,"USNS Nelson
FPO AE 76552",N,hours
671,Christopher Turner,499-43-6346,"762 Johnson Garden Suite 796
South Anthony, RI 54044",N,miles
672,Kyle Davis,514-09-4548,"97076 Rodriguez Wells Apt. 341
Clarkton, UT 39206",Y,hours
673,James Harrison,824-51-4734,"2075 Miller Via
Melissaview, MA 12900",N,hours
674,Anthony Petty,138-24-3412,"USCGC Baxter
FPO AA 80882",Y,hours
675,Marie Jones,102-57-5716,"591 Hall Turnpike Suite 782
Jacksonstad, MA 04059",N,hours
676,Heather Mccoy,249-26-6971,"720 Strickland Landing Suite 843
East Kimberlymouth, MT 65018",N,hours
677,Mark White,170-93-2690,"4738 Krystal Shoals
Bellmouth, MH 27292",N,miles
678,Jennifer Long,030-82-4314,"65202 Randall Trafficway Suite 076
Tuckerfurt, VI 77596",Y,hours
679,Hannah Richardson,871-44-4209,"512 Harper Heights Suite 427
Port Nicholas, MO 42109",Y,hours
680,Richard Porter,314-03-4477,"11976 Nathaniel Corners Suite 789
East Hollyhaven, OH 80239",N,hours
681,Shannon Yu,246-02-2030,"50712 Heather Orchard Apt. 777
Mikeberg, ND 88995",Y,hours
682,Luis Stein,680-48-2472,"1498 Lisa Inlet Suite 943
Lake Paulchester, ME 27607",N,miles
683,Gregory Woods,324-80-0103,"260 Anita Shoal
Port Amanda, OK 48892",N,miles
684,Melissa Shelton DVM,845-47-3110,"3236 Marissa River
East Natalieberg, PA 13697",N,miles
685,Jerry Mills,712-85-3765,"6387 Jessica Turnpike Apt. 079
Lopeztown, AS 13104",N,hours
686,Brian Alexander,206-56-6627,"208 Cheryl Tunnel
Barrybury, NV 86766",N,miles
687,Keith Lee,437-65-8127,"9981 Danielle Unions
Port Leah, FL 27757",N,miles
688,Denise Banks,182-37-3371,"1600 Cox Bypass Suite 562
Benjaminton, AR 27905",Y,miles
689,Charles Kennedy,818-10-4971,"40406 Joel Unions
North Christopher, PA 92495",N,hours
690,Melissa Thompson,137-49-9923,"1709 Christopher Knoll
Michelletown, UT 33176",N,hours
691,Kevin Costa,770-84-8468,"37296 Carlos Lakes
Hooverhaven, PR 47057",Y,hours
692,Matthew Peterson,422-03-6517,"197 Herrera Track
Middletonville, MA 77762",N,hours
693,William Marshall,273-14-9226,"736 Barton Spurs
Romanmouth, OK 41244",Y,hours
694,Tyler Blackburn,201-32-6250,"369 Fitzpatrick Pines
Lake Kathleen, CA 23919",Y,miles
695,Sheila Coleman,211-31-3844,"618 Connie Isle Suite 260
North Nicholasfort, CA 64709",N,miles
696,Judy Cooper,515-27-4743,"152 Blackwell Drive Apt. 605
East Jessicafort, MO 20687",N,miles
697,David Valentine,104-43-9042,"42478 George Squares
East Jessicabury, SC 53387",Y,hours
698,Henry Rivers,886-75-6516,"4728 Bowman Islands
Scottton, GA 46241",N,hours
699,Brittany Warner,720-71-5946,"8871 Stephen Union
Port Jade, TX 00994",N,miles
700,Lisa Dougherty,043-97-7903,"13791 Powell Islands
East Pamela, KS 83773",N,hours
701,Edward Anderson,170-17-4215,"1438 Robinson Drive
Andersontown, KY 58413",Y,miles
702,Amy Wong,410-75-3742,"33997 Nicholas View
North Christopher, NE 97375",Y,miles
703,Carrie Reyes,231-67-1025,"48021 Tammy Forges Suite 064
Phillipsberg, AZ 49765",Y,hours
704,Sarah Peters DVM,431-07-3225,"53709 Stephen Highway Apt. 652
Robbinston, AZ 78058",Y,miles
705,Judith Baker,419-34-1434,"03292 Townsend Cove
Lake Steven, WI 22792",Y,hours
706,Gabriel Lloyd,638-03-7310,"9517 Wise Extensions Suite 397
Wilsonville, FL 07807",Y,hours
707,Amanda Lamb,573-13-1028,"75378 Carla Views
Fernandoberg, AK 07676",Y,miles
708,Peter Wilson,158-82-4746,"71579 Lynch Stream
Lake Kevin, VA 13971",N,hours
709,Nicole Burgess,336-65-8642,"666 Moyer Corner Apt. 108
Campbellland, MH 16462",N,miles
710,Robert Bennett,893-37-0040,"14188 Daniel Lodge Apt. 223
Crossberg, TN 46655",Y,miles
711,Jeff Brown,063-40-2002,"0935 Brown Locks Suite 583
New Michaelfort, NV 20562",Y,hours
712,Joseph Clark,134-04-5677,"91849 Richard Lodge Suite 983
Anitabury, AR 83142",N,hours
713,Michelle Morgan,170-56-4766,"011 Ramirez Corner Apt. 533
Webbbury, DE 71375",Y,miles
714,Jessica Norton,703-73-5657,"601 Jay Underpass
Port Michaelville, NC 23214",Y,hours
715,Angela Thomas,585-27-9547,"6903 Joy Mountain Suite 992
Morrowbury, MP 81987",N,miles
716,Jodi Friedman,587-28-3983,"730 Emily Cliff
Traceyview, AK 14826",N,hours
717,Scott Walker,535-40-1673,"7463 Pamela Way Suite 998
Lake Jacob, PW 74667",Y,hours
718,Clayton Morton,415-08-9533,"99945 Ian Pass Suite 222
Lake Jacobmouth, MT 41975",Y,hours
719,Tiffany Peterson,137-17-4643,"14677 John Plaza
South Josephmouth, WA 54910",N,miles
720,Brian Anderson,363-79-2230,"559 Nathan Union Apt. 806
Jasonland, NV 34231",N,hours
721,Jason Munoz,091-74-0366,"6694 Ryan Street Suite 759
West Carlabury, AR 78901",Y,miles
722,Justin Walters,684-48-3908,"USNV Peterson
FPO AP 65587",N,miles
723,Stephanie Cannon,050-03-6873,"1714 Perez Locks Suite 214
West James, MS 37712",N,miles
724,Barbara Barnes,451-30-0832,"98418 Huffman Inlet
Kellytown, PW 78274",N,miles
725,Jack Abbott,187-89-5850,"81106 Maria Roads
Brittneyland, WV 04504",Y,hours
726,Chloe Long,580-14-1476,"78419 Jill Flat
Kathrynside, TN 44124",Y,miles
727,Brian Coleman,720-94-6915,"98680 Wright Dale Apt. 732
Rachelchester, MH 20313",Y,hours
728,Angel Parrish,867-50-8024,"72157 Joshua Prairie
Lake Bonnie, VA 14693",N,hours
729,Albert Moss,294-27-6934,"6902 Brown Neck Apt. 652
Wrightburgh, MP 91164",N,hours
730,Alexis Smith,122-20-2637,"7548 Amanda Ports Apt. 935
Lake Tonyaburgh, DE 91667",N,miles
731,Christy Perez,143-72-0909,"496 Smith Spurs
Heathershire, AZ 69593",Y,hours
732,Jack Grant,469-34-0074,"0964 Deanna Ranch
Larryland, NH 39522",Y,miles
733,Aaron Fernandez,432-95-6078,"456 Daniels Point
Valeriefort, GU 57595",Y,hours
734,Ryan Rodriguez,221-80-7366,"776 Kerr Curve Suite 195
West Paul, MT 95474",N,hours
735,Rachel Diaz,815-44-7346,"9400 Henry Ports Suite 014
Hernandezbury, PW 55871",N,hours
736,Brad Murray,752-46-7653,"929 Larsen Place
North Leslietown, DC 06190",N,miles
737,Crystal Cardenas,612-84-7217,"033 Moreno Mountains Suite 492
New Latoya, NH 72235",N,miles
738,Charles Allen,015-71-4608,"595 Collins Ford
Lake Saraview, MA 45027",Y,miles
739,Brittany Davis,856-73-5985,"87136 Christine Pine Apt. 889
Rebeccashire, GU 42618",N,miles
740,Margaret Pace,830-88-5536,"7977 Lewis Lock Apt. 582
Lake Bradley, MH 93758",N,hours
741,Becky Green,220-72-0096,"94563 Kara Port
East Markchester, PR 98242",N,hours
742,Sarah Wells,801-60-0195,"58130 James Pines
Hensleyshire, OR 18198",Y,miles
743,Kimberly Barry,491-16-7284,"900 Emily Avenue
Brightmouth, TN 53647",N,miles
744,Edward Lamb,009-93-9622,"Unit 9135 Box 6273
DPO AE 54179",N,hours
745,John Nguyen,387-63-6938,"USCGC Gibson
FPO AP 82600",N,miles
746,Rebecca Daniels,480-90-9563,"69415 Shane Park Suite 210
Greenside, FL 11525",Y,miles
747,Vanessa Marshall,522-93-6014,"5166 Dominguez Shoals
Port Carlmouth, MI 26279",Y,hours
748,Nathan Morales,568-38-5538,"2615 Robbins Well Suite 296
North Donald, CA 10750",N,miles
749,Jennifer Pham,043-80-7306,"95278 Mario Islands
East Margaret, MN 60173",Y,miles
750,Rachel Jimenez,270-35-6784,"09914 Priscilla Avenue Apt. 011
Smithtown, NE 22505",N,hours
751,Julie Cowan,164-11-3816,"1179 Melissa Pine
Lake Cassandrafort, HI 13198",N,hours
752,Charles Vega,027-11-7180,"2393 Jennifer Garden Suite 100
North Adamtown, SC 63718",Y,hours
753,Steven Garcia,892-61-9604,"0223 Dustin Brooks Apt. 143
North Peggymouth, NM 31467",Y,miles
754,Robert Odonnell,777-07-7523,"269 Briggs Vista
New Taylorport, AZ 63951",N,miles
755,Crystal Roman,347-72-9726,"362 Chad Crescent Suite 123
Port Richardhaven, WA 28969",Y,miles
756,Kyle Lee,115-34-6299,"164 Meadows Spurs Suite 212
East Jill, CO 48925",N,hours
757,Melissa Potter,030-45-3314,"50265 Brandon Burgs
South Caitlin, MA 03228",N,hours
758,Ian Bauer,040-51-9331,"06762 Davis Point Suite 474
Lake Madison, AK 51628",N,hours
759,Thomas Wells,874-77-2121,"8555 Kelly Shoals
Higginsberg, ID 51856",Y,hours
760,Karen Gonzalez,298-76-2072,"694 Teresa Ports
Andersontown, VT 35066",N,miles
761,Zachary Perkins,126-70-9568,"7713 Maria Burgs
Sandersport, OR 69361",Y,miles
762,Sandra Scott,726-20-4190,"174 Julie Plaza
Rubioport, VA 05785",N,hours
763,Evan Moore,074-37-7202,"84415 Derek Wall
Molinafort, IN 14096",Y,miles
764,Deborah Cervantes,559-98-0362,"0194 Clark Motorway
Angelaton, TX 34725",N,miles
765,Jacob Lam,673-38-4929,"780 Phillips Manor Apt. 637
South Jennifer, SD 03201",N,hours
766,Shari Harris,355-15-9097,"6776 Robert Oval Suite 023
West Matthewton, MH 29345",N,hours
767,Daniel Ellis,755-33-5461,"241 Alicia Ports
Port Eduardoton, ID 48728",N,hours
768,Carly Martin,126-23-1115,"4360 Jerry Trail Suite 745
Williamshaven, IN 75474",Y,hours
769,Richard Howell,066-79-7491,"8607 Deborah Crossing
Owensville, MI 63073",Y,miles
770,Carol Mendoza,844-31-6230,"3355 Julie Court
Brownbury, WV 43254",Y,hours
771,Jason Bennett,098-08-8989,"07239 King Vista Apt. 686
Port Joshua, PR 23421",N,hours
772,Adam Wilson,351-28-6573,"005 Perez Glens
New Amanda, KY 69855",Y,hours
773,Jacob Walsh,831-13-6404,"555 Patterson View
Port Roger, HI 03444",N,miles
774,Sharon Powers,420-78-8183,"46885 Long Shoals Apt. 845
Changborough, CA 78979",Y,hours
775,Jeremy Wells,898-10-3216,"30633 Carter Square
Lake Kimberly, MP 43874",Y,hours
776,Dustin Barnes,275-52-1762,"49174 Wright Alley Apt. 410
Port Steven, FM 59088",Y,miles
777,Jesus Carrillo,168-62-2229,"Unit 5917 Box 4559
DPO AE 68683",Y,hours
778,Kevin Moore,577-72-1371,"284 Williams Wells Suite 829
North Kevinstad, OR 31331",N,hours
779,Courtney Smith,716-59-3383,"986 Melissa Prairie
Davisberg, NJ 86289",Y,miles
780,Robert Crawford,686-26-1636,"71916 Mary Highway Suite 915
New Daniel, MN 88524",Y,hours
781,Ann Craig,565-61-9080,"USS Allen
FPO AE 49243",N,miles
782,Katherine Sandoval,417-23-2013,"692 Taylor Alley Suite 687
West Christopher, MI 86452",N,miles
783,Nicholas Garcia,514-22-8346,"8883 Guerrero Village
West Bridgetburgh, MT 16187",N,hours
784,Valerie Cuevas,890-43-5590,"26246 Brandi Crescent
Michaelland, LA 17131",Y,miles
785,Melanie Mejia,091-97-1792,"Unit 8388 Box 1311
DPO AP 02263",N,miles
786,Lisa Ramos,241-27-7287,"174 Mcmillan Manors
New Deniseborough, PR 41823",N,miles
787,Stanley Beard,694-33-8655,"281 Tiffany Coves
West Kimberly, UT 43183",N,miles
788,Ryan Fletcher,886-19-7057,"88041 Kyle Heights Suite 375
Gutierrezhaven, CT 01612",Y,miles
789,Joel Crane,273-15-8755,"440 Eugene View Suite 357
Thomasfort, OH 52793",Y,miles
790,Timothy Steele,776-60-9016,"9593 Garcia Extensions Suite 323
Bakerside, VT 45950",N,miles
791,Taylor Watson,622-18-0860,"07379 Stephens Crossroad Suite 436
Mataland, AS 16218",Y,hours
792,Alison Roberson,102-39-7707,"664 Raymond Extension
East Vanessahaven, AZ 78836",Y,miles
793,Wendy Perez,046-54-6093,"04939 Peterson Route
New Donnafort, KY 96253",N,hours
794,Deborah Torres,501-25-4006,"8626 Griffin Square
South Matthewborough, MH 81323",Y,miles
795,Savannah Cook,875-13-9658,"72331 Megan Stream
Howellstad, AK 52774",N,miles
796,Catherine Robinson,809-39-5077,"740 Ball Prairie
Nataliechester, CO 07293",N,miles
797,Robert Gibson,548-85-8761,"913 Knight Rapids
Amandaside, NV 28875",Y,hours
798,Daniel Wright,555-94-4718,"98659 Lisa Pass Suite 053
Lake Carmen, ME 84612",N,hours
799,Paige White,873-74-6727,"527 Hall Fort Apt. 558
Rosefort, AR 80474",N,miles
800,Ronald Anderson,387-48-4444,"3689 Tanner Prairie
East Frederick, MD 87516",Y,miles
801,Maria Reed,438-54-4412,"73705 Robert Orchard Suite 210
North Cynthia, DE 82981",N,hours
802,Norma Ruiz,048-95-9649,"6680 Heidi Turnpike Apt. 553
Angelaport, MA 29477",N,miles
803,Lisa Medina,229-81-0613,"90058 Gomez Drive Apt. 032
Juanmouth, WI 87248",N,miles
804,Adam Hubbard,238-84-8584,"668 Barbara Squares Apt. 258
North Zachary, AL 90897",N,miles
805,Kevin Dunn,153-56-7719,"8300 Lori Plains
Ericaborough, NC 70833",Y,hours
806,Michael Frank,024-11-1666,"8855 Green Turnpike
Jimenezhaven, VI 71969",N,hours
807,Zachary King,558-29-8364,"3474 John Meadow Apt. 932
Port Nathan, PW 74861",Y,hours
808,Ryan Curtis,045-71-5010,"5951 Price Light Suite 483
West James, IA 66707",Y,hours
809,Timothy Smith,037-14-7966,"3786 David Islands Apt. 921
Lake Johnshire, NH 37366",N,hours
810,Daniel Villanueva,848-28-0701,"665 West Prairie
Zacharyton, NY 06777",N,hours
811,Michael Davidson,144-49-2533,"809 Parker Stravenue Apt. 948
Johnfurt, WI 99227",Y,hours
812,Janet Johnson,049-04-9094,"72594 Randy Roads
New Paulstad, IA 83195",Y,hours
813,Jacob Ray,803-17-2684,"USS Lopez
FPO AA 53710",N,miles
814,Jennifer Shaw,265-37-1730,"USCGC Ortega
FPO AA 14648",Y,hours
815,Paul Reid,013-41-6192,"27119 Ashley Landing Apt. 923
Harrisview, HI 35041",Y,miles
816,Eugene Vincent,441-83-3338,"75432 Miguel Lock Suite 204
Washingtonmouth, DE 15958",N,hours
817,Sally Jones,448-39-0457,"735 Kimberly Falls
Whitefort, WI 96922",Y,hours
818,Mrs. Jennifer King MD,220-87-4572,"006 Patricia Forks
East Pamela, DE 55489",Y,hours
819,Donald Wells,046-84-3726,"09253 Mueller Junctions
South Nathan, KS 20137",N,miles
820,Kenneth Baldwin,608-12-7087,"2478 Snyder Way
East Dean, VT 26847",N,miles
821,Vicki Galloway,638-71-1032,"USNS Sloan
FPO AP 85383",Y,miles
822,Jennifer Alexander,515-04-3018,"91236 Kenneth Common
North Codyfurt, WY 75823",Y,hours
823,Joseph Noble,245-89-3878,"376 Dalton Groves
New Sharon, WI 22624",N,hours
824,Micheal White,596-49-9509,"0446 Kim Vista
East Joshua, VI 12533",N,hours
825,Leslie Welch,310-49-1799,"611 Brandi Cliff Apt. 464
South Aprilside, FL 72483",Y,miles
826,Martin Christensen,771-28-6438,"2551 Ferguson Groves Suite 707
Russellshire, IA 69244",Y,miles
827,Aaron James,285-18-2714,"03003 Carol Corners
Port Robinton, DE 76099",N,miles
828,Destiny Weaver,226-12-8171,"6444 Jacob Glen Suite 520
West Billyport, OH 48371",Y,miles
829,Michael Jackson,094-32-1001,"993 Warner Hills
Lauramouth, AZ 22646",N,miles
830,Clifford Richardson,821-71-9030,"19092 Bethany Cliffs
Flynnfort, TX 85794",Y,hours
831,Matthew Garcia,800-39-8229,"842 Jennifer Plain Apt. 371
Jamesmouth, VT 84423",Y,hours
832,Tonya Scott,448-84-1586,"540 Lisa Meadow Apt. 681
West Morgan, FM 44868",Y,miles
833,Colleen Roberts,757-26-4075,"49498 Tanner Route Apt. 335
Chadhaven, FM 82997",Y,hours
834,Robert Walter,479-68-7079,"4689 Edward Valleys Apt. 615
Lake Michelleshire, NY 51470",N,hours
835,Sharon Luna,837-11-8665,"1617 Michael Rest Suite 829
North Gene, PW 40244",Y,miles
836,Diane Garcia,576-62-9219,"Unit 3218 Box 2088
DPO AE 11609",N,hours
837,Dylan Winters,246-72-0015,"Unit 0455 Box 3089
DPO AA 28055",Y,hours
838,Melissa Sanchez,872-95-9326,"480 Tanya Streets Suite 990
West Kaylaberg, TX 44238",Y,miles
839,Willie Smith,805-43-2614,"892 Martinez Park Suite 147
South Luis, MS 13357",N,miles
840,Jocelyn Thomas,337-30-6588,"6607 Donna Underpass
Port Scott, WY 75487",N,miles
841,Kyle Rogers,108-29-3623,"6781 Monroe Place
Poncehaven, MA 93393",Y,miles
842,Paul Horton,076-22-5356,"0373 Jason Stravenue
North Cindytown, NH 31631",N,miles
843,Christopher Craig,599-12-0756,"45494 William Falls Suite 045
South Jessica, CA 49546",Y,miles
844,Anna Thompson,888-97-4086,"52745 Sutton Stravenue Suite 924
Lake Jose, ME 41229",Y,hours
845,Russell Graves,187-01-2571,"USS Sims
FPO AE 44482",Y,miles
846,Benjamin Lang,275-24-9901,"524 Elizabeth Haven Suite 141
Patrickview, TX 76777",Y,miles
847,Lori Owens,571-92-0084,"39047 Tyler Hills
Robinmouth, DE 83267",Y,miles
848,John Hunt,595-81-8107,"0872 Perez Mall Suite 213
New Jacob, VI 06640",Y,miles
849,Debra Kennedy,556-90-8703,"86105 Berry Mountains
Denisefort, PW 08695",N,hours
850,Alexa Mitchell,762-94-5910,"03155 Flores Street
Davidhaven, MO 07701",N,miles
851,Tyler Massey,475-34-3861,"5829 Charles Flat
Garciaborough, NJ 94007",N,hours
852,John Cochran,154-10-4382,"705 Hansen Summit Apt. 704
New Tinaland, OR 27366",Y,hours
853,John Cowan,130-59-7567,"460 Jeffrey Green
Jamesmouth, MT 63371",Y,miles
854,John Thompson,393-53-3154,"0374 Evans Plaza
Phillipchester, GA 70886",N,miles
855,Kenneth Webb,465-02-4202,"61424 Wright Forges Suite 631
Steveburgh, AZ 90926",N,hours
856,Alison Ward DDS,216-09-8552,"9730 Wright Station Suite 941
Port Dana, MP 39112",Y,hours
857,Robert Higgins,017-78-4404,"7811 Luis Street Suite 960
Jennifermouth, CO 58181",Y,miles
858,Lindsay Walls,022-13-4440,"60841 Andrea Trail
New Lee, AZ 88895",Y,miles
859,Ms. Christine Jenkins DDS,819-14-7277,"911 Carpenter Turnpike
East Jessica, MN 06857",N,miles
860,Brandon Price,498-22-5156,"66410 Flores Plain Apt. 124
Port Michele, ID 36129",N,hours
861,Sandra Thompson,795-37-1953,"95284 Mccoy Crest
New Lindsey, DC 66435",N,miles
862,Dylan Greer,049-22-5075,"0809 Jordan Squares
Port Annehaven, TX 74096",N,miles
863,Mitchell Howell,599-37-1581,"5440 Nichols Pines Apt. 774
Jennifermouth, MN 61125",Y,hours
864,Laura Edwards,810-56-3581,"03318 Webb Alley Suite 553
Lake Helenfurt, NJ 98813",N,hours
865,James Macias,552-99-0236,"059 Walters Rapids Suite 533
Kleinport, SD 63438",N,miles
866,Victor Robinson,224-60-0965,"1700 Williams Trail Apt. 358
East Kevin, WY 26396",Y,hours
867,Lindsey Nguyen DDS,057-44-8659,"49439 Bradley Key Apt. 896
South Michael, ID 86176",N,hours
868,Heather Horne,415-33-9488,"8435 Parrish Lane Suite 453
Leeport, MH 98957",Y,miles
869,Joseph Freeman,793-13-3845,"7542 Hicks Cliff
New Anne, CO 15550",Y,hours
870,Kevin Martin,333-52-8601,"27067 Johnson Plaza
North Patriciashire, VI 92982",Y,miles
871,Nicholas Boyd,117-44-7067,"02804 Crystal Street
Leefort, MI 29767",N,hours
872,Debra Wallace,266-13-2520,"76197 Stokes Camp
East Shaun, AK 88242",N,hours
873,Ronald Conway,892-07-9313,"89591 David Row
Williambury, MD 08348",N,miles
874,Taylor Day,549-79-2385,"22341 Moore Port Suite 154
North Jose, NC 77931",N,miles
875,Katherine Patterson,420-60-6228,"89082 Baker Route Apt. 175
Lake Francisco, AR 49629",N,miles
876,Frank Lopez,485-19-2689,"063 Jason Ridge
New Amandafurt, AL 02612",N,hours
877,Christina Payne,544-85-1424,"3158 Tracey Rest Apt. 765
New Kristinburgh, WI 81444",Y,hours
878,Matthew Taylor,153-70-9517,"39141 Sydney Drives
Gonzalesfort, FL 91059",Y,miles
879,Richard Spencer,794-77-3396,"70742 Jordan Unions
Ronniemouth, WA 65822",Y,miles
880,Michelle Smith,216-88-0816,"5118 Maria Parks
Bowersberg, WA 49351",Y,hours
881,Mario Krueger,779-09-4664,"447 Donaldson Drives
Walkerburgh, LA 52172",N,miles
882,Michael Hall,252-30-4450,"5526 Calvin Road Apt. 855
South Heatherchester, MT 06687",N,hours
883,Kevin Lee,317-06-7381,"07505 Brenda Track Suite 163
Tonyaburgh, ND 06908",N,miles
884,Jason Murphy,857-66-1457,"76931 Gabriel Terrace Suite 473
Smithfort, WV 14678",N,hours
885,Cheryl Howard,706-10-5153,"61313 Kim Trafficway Suite 328
Jimmyberg, CO 12411",N,hours
886,Jacqueline Santana,661-61-8430,"PSC 5761, Box 1780
APO AP 08058",N,miles
887,Kyle Stafford,600-95-1559,"6683 Dakota Streets
East Donna, KS 89245",N,miles
888,Randy Pineda,046-39-1297,"4016 Roth Shoal
Jenniferfurt, ID 58822",Y,hours
889,Betty Reynolds,448-47-9514,"7103 Alexis Estate Suite 492
East Gary, VT 26673",N,miles
890,Alison Franco,028-95-8298,"781 Mark Harbors Apt. 953
North Erica, WA 15341",Y,miles
891,Tara Mccoy,058-41-9237,"USNV Hicks
FPO AP 87475",N,miles
892,David Morales,864-18-3985,"5166 Perez Plain
North Jonathanland, AS 68786",N,miles
893,Jessica Wilson,416-67-8670,"01748 Kevin Corner Apt. 438
West Jessicaview, IA 24537",N,hours
894,Monica Dean,202-99-9499,"94202 Trevor Shoal Suite 610
East Nicholasbury, IN 97698",Y,miles
895,Alicia Kerr,728-19-5950,"742 Smith Crossing
Edwardton, KY 94252",Y,miles
896,Joseph Herrera,101-97-4070,"2736 Mary Estates
North Amy, MN 08582",N,hours
897,John Miller,026-23-5472,"965 Patrick Points Suite 152
Smithland, MS 20379",N,hours
898,Karen Contreras,770-26-5968,"559 Nichole Wells Suite 726
Jonesburgh, ND 70084",Y,miles
899,Scott Robinson,568-54-5664,"9779 Oconnell Way Apt. 052
Lake Jeremytown, WI 15642",Y,hours
900,Julie Bray,621-16-3718,"USCGC Dunn
FPO AA 81996",Y,hours
901,Alison Edwards,733-76-3478,"05369 Jordan View Suite 683
Shermanshire, NY 66885",Y,miles
902,Kathleen Garner,358-52-7979,"USCGC Harvey
FPO AP 24668",Y,miles
903,Michael Diaz,170-15-3705,"PSC 6343, Box 6961
APO AP 38695",Y,hours
904,Benjamin Lewis,718-88-2146,"05260 Harrison Junction
South Haroldview, MT 03976",Y,miles
905,Mary Barton,451-98-3728,"9716 Smith Lodge
Lake Kristenland, OK 81059",Y,miles
906,Jonathan Cabrera,167-23-3370,"USNV Allen
FPO AP 34460",N,hours
907,John Johns,533-97-1624,"583 Dominguez Vista
Robertsonland, ME 67370",Y,miles
908,Bradley Jordan Jr.,746-35-3817,"PSC 9926, Box 2877
APO AA 49640",Y,miles
909,Matthew Martinez,081-78-0910,"USCGC Boyd
FPO AP 08850",N,miles
910,Jeffrey Williams,256-35-8834,"0791 Nicholas Route
Ericland, MH 18859",N,miles
911,Patricia Russell,224-36-3025,"6936 Wyatt Stravenue
East Michael, NC 79468",N,miles
912,Jonathan Williams,072-89-0793,"98399 Rasmussen Forge Apt. 179
Port Joshua, DE 27324",N,miles
913,Veronica Nguyen,722-41-2781,"195 Smith Spring Suite 332
West Jamesmouth, NH 41302",N,hours
914,Julia Buck,753-81-9098,"4093 Thomas Stream
West Margaretview, DE 83829",Y,miles
915,Veronica Smith,644-49-6513,"7695 Kevin Row
South Thomas, KY 33997",N,miles
916,Laura Chapman,668-98-2702,"6923 Danny Radial Apt. 444
New Mindy, CT 24687",N,hours
917,Phillip Wilson,624-23-5945,"67064 Karen Harbor
South Sharon, PR 97598",Y,hours
918,Jamie Weber,763-93-9748,"3702 Peters Center Suite 570
New Heidifurt, NY 34256",N,miles
919,Tiffany Murillo,891-17-9283,"1400 Timothy Lodge Suite 601
West Trevorport, VT 48508",N,hours
920,Carol Mcdonald,817-34-3406,"4107 Michelle Crossing
South Jason, FM 02967",N,miles
921,James Bender,097-17-6222,"53071 Anthony Road
Daniellehaven, AL 38393",Y,hours
922,Franklin Taylor,736-26-4818,"40227 Wesley Rapids Apt. 221
Davisside, SC 68331",N,hours
923,John Wood,872-12-4283,"0969 Kimberly Station Suite 772
Lopezton, MS 14324",Y,hours
924,Jennifer Mason,434-46-1439,"USNS Erickson
FPO AP 32774",N,miles
925,Katie Cabrera,321-88-3440,"19386 Erin Spring Suite 602
Stevensonfurt, PR 62688",Y,miles
926,Tyler Glover,384-21-4928,"3923 Donna Brook
West Joseph, OH 80682",N,hours
927,Maria Johns,718-81-2444,"PSC 5843, Box 6525
APO AA 24222",Y,miles
928,Joshua Lyons,021-20-0369,"052 Lloyd Walks Apt. 065
Sparksburgh, WV 16957",Y,hours
929,Julian Bishop,136-39-0849,"USNS Vargas
FPO AE 86519",Y,miles
930,Jenna Wright,820-91-1741,"USNV Woods
FPO AA 76564",Y,hours
931,Sean Brandt,572-52-4917,"5152 Philip Knoll
Port Heiditown, KS 75598",Y,hours
932,Samantha Osborne,626-41-3800,"651 Shelby Drives Apt. 067
Lake Steven, ID 96307",N,miles
933,Connie Harris,030-13-5409,"25161 Vega Spring
Gordonview, OH 71062",Y,hours
934,Theodore Moody,649-64-2233,"0498 Hannah Centers Apt. 521
Susanville, AL 45813",N,miles
935,Michelle Poole,092-90-4595,"513 Roberson Place Apt. 885
Lake Aliciafort, TX 76585",N,hours
936,Mary Clark,689-11-1604,"26505 Moran Forge
Georgebury, WV 02814",Y,miles
937,Stacy Lewis,309-88-1881,"63714 Tony Ports
New Kathy, SC 13808",Y,hours
938,Jennifer Delgado,303-85-1212,"8629 Ross Greens
Lewisview, SD 41706",Y,miles
939,Joy Graham,868-40-7773,"7018 Payne Walks Suite 717
New Masonton, WY 23058",N,hours
940,Jennifer Evans,211-14-4331,"62756 Roy Tunnel Apt. 952
Lake Michael, MN 08539",N,hours
941,Dustin Middleton,290-03-6747,"PSC 4318, Box 8262
APO AE 24233",N,hours
942,Brittany Harvey,695-16-2133,"614 Paula Ports
Shawnbury, WV 38882",Y,miles
943,Tyler Romero,822-47-6295,"USS Berger
FPO AA 36368",N,hours
944,Kyle Watson,006-07-5056,"8677 Taylor Walks
Clarkchester, MD 50537",N,hours
945,Jeffrey Wright,303-75-6899,"18834 Brown Pine Apt. 786
Brianhaven, NE 15172",Y,hours
946,Valerie Moss,076-29-8537,"273 Haynes Drives Suite 680
Warnerborough, MN 87479",Y,hours
947,Christopher Hines,376-13-7632,"41441 Laura Lane Suite 809
Lake Bradley, NH 76941",N,miles
948,Jacob Adams,677-71-4230,"66274 Watson Knolls
Johnsonport, CA 07880",Y,miles
949,Janice Chapman,498-77-9424,"41604 Byrd Valleys
West William, VA 56612",Y,miles
950,Jennifer Webb,354-94-3110,"4768 Flores Drive
Josephport, PR 64139",N,hours
951,Gavin Shaw,573-46-5954,"13959 Christine Branch
Carolhaven, FM 88951",Y,miles
952,Henry Hendrix,579-97-0618,"420 Hernandez Manors Suite 710
Greerview, NE 96477",Y,miles
953,Michelle Thompson,612-67-7799,"507 David Squares Apt. 219
West Marcia, OH 03745",N,hours
954,Robert Chavez,056-52-6244,"USNV Martin
FPO AE 31091",Y,hours
955,Kenneth Ramirez,349-87-0337,"95423 Jerry Crest Apt. 382
Port Victoriabury, NC 29680",N,hours
956,Natalie Hernandez DDS,873-58-7369,"Unit 1293 Box 7629
DPO AP 37382",N,miles
957,Kyle Spears,787-37-4887,"92799 Joshua Lake Apt. 065
Lake Lucasbury, AK 03658",N,hours
958,Ronald Pratt,855-26-0496,"56091 Dakota Expressway Apt. 014
South Amyhaven, WA 40687",N,hours
959,Sarah Lawson,076-69-9673,"USNS Miller
FPO AP 67049",Y,hours
960,Jim Turner,780-39-9241,"75132 Fowler Creek Suite 640
Clarkburgh, OH 34611",N,hours
961,Joseph Ewing,721-79-4679,"7926 Stout Ville Apt. 351
Port Victoria, MH 92563",N,miles
962,Monica Sullivan,771-26-2625,"809 Raymond Haven
Lake Clayton, FM 41119",Y,hours
963,Adam Anderson,074-95-8006,"271 Hull Fields
East Tara, SD 41678",N,hours
964,Amber Watson,249-64-2167,"30079 William Drives Suite 638
Andersonview, DC 34255",N,miles
965,Rachel Crawford MD,841-61-8571,"551 Monica Circles Apt. 836
Keithstad, NM 85155",N,hours
966,Michelle Hayes,696-24-4729,"684 Marquez Mills Suite 656
New Adam, VT 87496",Y,hours
967,Luis Maldonado,105-52-2463,"340 Daniel Heights Suite 995
North Rebekah, NH 16538",Y,miles
968,Sara Shannon,810-84-6486,"790 Ford Prairie Apt. 672
West Michelle, SC 05871",N,hours
969,Hannah Martin,049-31-8230,"75859 Mclaughlin Crescent Suite 764
North Kelseyview, VT 40717",N,hours
970,Richard Jackson,369-33-7271,"44159 Vasquez Fields
North Jasmine, MP 02351",N,miles
971,Andrew Wright,746-39-0682,"7016 Kristi Grove Apt. 988
West Courtneyview, OH 22341",N,hours
972,Katherine Lewis,016-89-3802,"41378 Zamora Lodge
Bondhaven, HI 62459",Y,miles
973,Ronald Harris,219-07-5611,"8771 Darrell Points Suite 250
Ortizshire, NM 21627",Y,miles
974,Michael Brooks,245-67-9850,"2221 Woodward Plains
Kimberlyborough, NE 93951",Y,hours
975,Mary Rodriguez,388-85-7823,"3779 Roberto Station Suite 051
Kathrynton, AL 72169",N,miles
976,Jeff Turner,532-65-1179,"6075 Samantha Brook
Wrightview, WI 33578",Y,miles
977,Jason Estrada,222-53-9546,"6804 Holly Square
West Edwardville, CT 01038",N,hours
978,Jason Shaw,310-55-5231,"619 Boyd Tunnel Apt. 908
Robertsonland, FL 61676",N,hours
979,Meghan Williams,304-89-0879,"9953 Carpenter Motorway Suite 807
East Michael, AS 46664",N,miles
980,Vanessa Schwartz,807-45-4098,"320 Goodwin Radial
Lake Wesleystad, VA 23348",Y,hours
981,Leonard Romero,373-64-2204,"29571 Jason Park Apt. 882
Kellyport, MA 83547",Y,miles
982,Melissa Young,161-22-4270,"57095 Brown River
Suarezton, WV 92338",Y,hours
983,Patrick Knox,373-37-0102,"0407 Spence Stream
Adamstown, OH 57236",N,hours
984,Danielle Levy,644-40-0719,"0148 Theresa Branch
Shannonport, NH 80424",N,miles
985,Christopher Roth,036-18-1125,"5034 Tucker Unions
Debbiefurt, UT 12183",Y,miles
986,Ian Lee,089-82-9166,"6364 Sarah Views Suite 865
South Davidburgh, MO 07909",N,hours
987,Cody Martin,404-45-5100,"84180 Lisa Lodge Suite 618
Jordanmouth, CA 26863",N,hours
988,Diane Murphy,413-94-3272,"7706 Scott Route
Matthewfort, MI 09014",Y,miles
989,Emily Hernandez,163-36-4747,"57157 Michael Knolls Suite 937
Port Laura, NH 91093",Y,hours
990,Denise Macdonald,698-62-6255,"405 Veronica Plains
Garciaborough, AS 83748",N,hours
991,Philip Parker,733-04-3961,"41299 Rose Villages Suite 213
New Scott, UT 93844",Y,hours
992,Mary Obrien,823-47-1780,"774 Jeremy Mews Apt. 963
West Jason, CA 71360",N,miles
993,Jason Dixon,330-19-4926,"65314 Nguyen Place Suite 888
Nicholeburgh, LA 72124",Y,miles
994,William Chapman,771-48-2234,"03472 Chelsey Wells
Port Tammie, NC 21167",N,hours
995,David Cruz,393-34-5313,"84227 Emily Stream
North Michellebury, FL 40971",Y,miles
996,Dominique Hernandez,017-11-5644,"8106 Walters Viaduct Apt. 860
West Anthonychester, OK 24184",Y,miles
997,Daniel Powers,870-35-5508,"58004 Brandt Cliff
Longbury, SD 86077",Y,hours
998,Carla Boyer,320-09-8207,"31204 Anne Lodge Suite 599
Lake Heather, AK 15182",Y,miles
999,Cynthia Harding,441-23-3091,"33022 Chase Camp
New Michaelchester, VI 83650",N,hours
1000,Erin Miller,553-54-4644,"USNS Shields
FPO AE 67627",N,hours
1001,Mrs. Alexandra Bush,382-32-4609,"30761 Virginia Rapid
Christinamouth, NC 90508",N,hours
1002,Rachel West,253-05-1707,"407 Chen Drives
South Susan, FL 99215",N,hours
1003,Mark Ramirez,671-44-2691,"Unit 7369 Box 7747
DPO AE 02206",Y,miles
1004,Antonio Walker,409-89-7858,"750 Julia Crossroad
Tiffanymouth, WV 58553",Y,miles
1005,Angela Small,806-48-1734,"72127 Horne Isle Suite 660
Jenniferberg, PA 99243",Y,miles
1006,Charles Reid,694-97-6084,"081 Rodriguez Dam Apt. 441
Michaelborough, NY 74345",Y,miles
1007,Kevin Henderson,837-30-6498,"4682 Bradley Valleys Suite 246
North Eric, MO 13015",N,hours
1008,Robert Lawson,739-66-2759,"788 Doyle Ferry
North Paul, OR 82733",N,hours
1009,Laura Martin,776-95-7001,"558 Craig Crescent
North Natalie, MN 50899",N,miles
